-- phpMyAdmin SQL Dump
-- version 5.2.0
-- https://www.phpmyadmin.net/
--
-- Máy chủ: mysql
-- Thời gian đã tạo: Th10 14, 2022 lúc 08:44 AM
-- Phiên bản máy phục vụ: 8.0.30
-- Phiên bản PHP: 8.0.19

SET SQL_MODE = "NO_AUTO_VALUE_ON_ZERO";
START TRANSACTION;
SET time_zone = "+00:00";


/*!40101 SET @OLD_CHARACTER_SET_CLIENT=@@CHARACTER_SET_CLIENT */;
/*!40101 SET @OLD_CHARACTER_SET_RESULTS=@@CHARACTER_SET_RESULTS */;
/*!40101 SET @OLD_COLLATION_CONNECTION=@@COLLATION_CONNECTION */;
/*!40101 SET NAMES utf8mb4 */;

--
-- Cơ sở dữ liệu: `WEBBANHANG`
--

-- --------------------------------------------------------

--
-- Cấu trúc bảng cho bảng `MST_ADMIN`
--

CREATE TABLE `MST_ADMIN` (
  `admin_id` int NOT NULL,
  `name` varchar(255) CHARACTER SET utf8mb4 COLLATE utf8mb4_unicode_ci NOT NULL,
  `email` varchar(255) CHARACTER SET utf8mb4 COLLATE utf8mb4_unicode_ci NOT NULL,
  `password` varchar(255) CHARACTER SET utf8mb4 COLLATE utf8mb4_unicode_ci NOT NULL,
  `remember_token` varchar(100) CHARACTER SET utf8mb4 COLLATE utf8mb4_unicode_ci DEFAULT NULL,
  `verify_email` varchar(100) CHARACTER SET utf8mb4 COLLATE utf8mb4_unicode_ci DEFAULT NULL,
  `is_active` tinyint(1) NOT NULL DEFAULT '1',
  `is_delete` tinyint(1) NOT NULL DEFAULT '0',
  `group_role` tinyint(1) NOT NULL,
  `last_login_at` timestamp NULL DEFAULT NULL,
  `last_login_ip` varchar(40) CHARACTER SET utf8mb4 COLLATE utf8mb4_unicode_ci DEFAULT NULL,
  `created_at` timestamp NULL DEFAULT NULL,
  `updated_at` timestamp NULL DEFAULT NULL
) ENGINE=InnoDB DEFAULT CHARSET=utf8mb4 COLLATE=utf8mb4_unicode_ci;

--
-- Đang đổ dữ liệu cho bảng `MST_ADMIN`
--

INSERT INTO `MST_ADMIN` (`admin_id`, `name`, `email`, `password`, `remember_token`, `verify_email`, `is_active`, `is_delete`, `group_role`, `last_login_at`, `last_login_ip`, `created_at`, `updated_at`) VALUES
(1, 'Hiệp Tôn Văn', 'hiepvanton@quanly.com', 'e807f1fcf82d132f9bb018ca6738a19f', NULL, NULL, 1, 0, 1, '2022-10-14 14:44:22', '127.0.0.1', '2022-09-30 10:24:43', '2022-10-06 11:46:37'),
(2, 'Nguyen Nhu Nhut', 'nguyennhunhut@quanly.com', '25f9e794323b453885f5181f1b624d0b', NULL, NULL, 0, 0, 1, NULL, NULL, '2022-10-06 11:40:53', '2022-10-06 11:43:45'),
(3, 'Le Phi Yen', 'lethiphiyen@quanly.com', '25f9e794323b453885f5181f1b624d0b', NULL, NULL, 0, 0, 1, NULL, NULL, '2022-10-06 11:40:53', '2022-10-06 11:44:37'),
(4, 'Ngo Thanh Tuan', 'ngothanhtuan@quanly.com', '25f9e794323b453885f5181f1b624d0b', NULL, NULL, 0, 0, 2, NULL, NULL, '2022-10-06 11:40:53', '2022-10-06 11:47:07'),
(5, 'Nguyen Thi Truc Thanh', 'tructhanhnguyen@quanly.com', '25f9e794323b453885f5181f1b624d0b', NULL, NULL, 0, 0, 2, NULL, NULL, '2022-10-06 11:40:53', '2022-10-06 11:46:03'),
(6, 'KJLNTWPSMGLF', '0NdlEU5mSVEz@gmail.com', '25f9e794323b453885f5181f1b624d0b', NULL, NULL, 1, 0, 1, NULL, NULL, '2022-10-06 13:12:14', '2022-10-06 13:12:14'),
(7, 'O N PCAZVTRH', 'bjRFAjoI0MVs@gmail.com', '25f9e794323b453885f5181f1b624d0b', NULL, NULL, 1, 0, 3, NULL, NULL, '2022-10-06 13:12:15', '2022-10-06 13:12:15'),
(8, 'HGBGZRWVMIGU', 'z2mzJ0lRSxGW@gmail.com', '25f9e794323b453885f5181f1b624d0b', NULL, NULL, 1, 1, 1, NULL, NULL, '2022-10-06 13:12:15', '2022-10-06 13:14:26'),
(9, 'TFTSWOESLZTV', 'pgxhOYoGiQfI@gmail.com', '25f9e794323b453885f5181f1b624d0b', NULL, NULL, 1, 0, 2, NULL, NULL, '2022-10-06 13:12:15', '2022-10-06 13:12:15'),
(10, 'IWOADIQDHKSG', 'FuNzQdj7voMC@gmail.com', '25f9e794323b453885f5181f1b624d0b', NULL, NULL, 1, 0, 2, NULL, NULL, '2022-10-06 13:12:15', '2022-10-06 13:12:15'),
(11, 'DMUAVCQ AKEK', 'wXu2z7gzI8Ol@gmail.com', '25f9e794323b453885f5181f1b624d0b', NULL, NULL, 1, 0, 1, NULL, NULL, '2022-10-06 13:12:15', '2022-10-06 13:12:15'),
(12, 'RUCWQCMDQNHX', 'sXQjwLLW1QLT@gmail.com', '25f9e794323b453885f5181f1b624d0b', NULL, NULL, 1, 0, 1, NULL, NULL, '2022-10-06 13:12:15', '2022-10-06 13:12:15'),
(13, 'NNOU QJUVGUP', '9oxcPwWkbxTx@gmail.com', '25f9e794323b453885f5181f1b624d0b', NULL, NULL, 1, 1, 2, NULL, NULL, '2022-10-06 13:12:15', '2022-10-06 13:12:15'),
(14, 'AIMAXBGNNSKO', 'xuWRO7gjRmv5@gmail.com', '25f9e794323b453885f5181f1b624d0b', NULL, NULL, 1, 0, 3, NULL, NULL, '2022-10-06 13:12:15', '2022-10-06 13:12:15'),
(15, 'IUHXJYXFXWAS', 'zfIn6ar7lm5c@gmail.com', '25f9e794323b453885f5181f1b624d0b', NULL, NULL, 1, 0, 2, '2022-10-10 15:37:21', '127.0.0.1', '2022-10-06 13:12:15', '2022-10-06 13:12:15'),
(16, 'ZBO M YKQEXA', '8957xPY7oPgt@gmail.com', '25f9e794323b453885f5181f1b624d0b', NULL, NULL, 1, 0, 1, NULL, NULL, '2022-10-06 13:12:15', '2022-10-06 13:12:15'),
(17, 'TVJTEFIOXPNW', 'xKnq5FiSPjhb@gmail.com', '25f9e794323b453885f5181f1b624d0b', NULL, NULL, 1, 1, 1, NULL, NULL, '2022-10-06 13:12:15', '2022-10-06 13:12:15'),
(18, 'BKOCPHVQCVDS', 'AicX6J5dvtl4@gmail.com', '25f9e794323b453885f5181f1b624d0b', NULL, NULL, 1, 0, 3, NULL, NULL, '2022-10-06 13:12:15', '2022-10-06 13:12:15'),
(19, 'PCLDWJJN UID', 'rwdxsMP4FDL6@gmail.com', '25f9e794323b453885f5181f1b624d0b', NULL, NULL, 1, 0, 3, NULL, NULL, '2022-10-06 13:12:15', '2022-10-14 14:46:09'),
(20, 'NBLLEXWOJ AQ', '7ASOGIeeEDuS@gmail.com', '25f9e794323b453885f5181f1b624d0b', NULL, NULL, 1, 0, 1, NULL, NULL, '2022-10-06 13:12:15', '2022-10-06 13:12:15'),
(21, 'ILSSZXGDZKNX', 'zg6sbIhXDf2r@gmail.com', '25f9e794323b453885f5181f1b624d0b', NULL, NULL, 1, 0, 3, NULL, NULL, '2022-10-06 13:12:15', '2022-10-06 13:12:15'),
(22, 'PFOGVFGKDTLQ', 'uj4WSj35hApN@gmail.com', '25f9e794323b453885f5181f1b624d0b', NULL, NULL, 1, 0, 2, NULL, NULL, '2022-10-06 13:12:15', '2022-10-06 13:12:15'),
(23, 'PKBNQZFLAWVM', '78nhFNyTMZSf@gmail.com', '25f9e794323b453885f5181f1b624d0b', NULL, NULL, 1, 0, 2, NULL, NULL, '2022-10-06 13:12:15', '2022-10-06 13:12:15'),
(24, 'YLGSIOM NQM', 'yAq4JcWiNPlt@gmail.com', '25f9e794323b453885f5181f1b624d0b', NULL, NULL, 1, 0, 2, NULL, NULL, '2022-10-06 13:12:15', '2022-10-14 15:02:14'),
(25, 'MNWYUCSGAKTZ', 'A7L4WkOQ4Cs8@gmail.com', '25f9e794323b453885f5181f1b624d0b', NULL, NULL, 1, 0, 1, NULL, NULL, '2022-10-06 13:12:15', '2022-10-06 13:12:15'),
(26, 'SCMJBW PSMOG', 'RJ6Ift5cEL5M@gmail.com', '25f9e794323b453885f5181f1b624d0b', NULL, NULL, 1, 0, 1, NULL, NULL, '2022-10-06 13:12:15', '2022-10-06 13:12:15'),
(27, 'LLODYGTWMIOC', 'dli6c9nWBZQw@gmail.com', '25f9e794323b453885f5181f1b624d0b', NULL, NULL, 1, 0, 2, NULL, NULL, '2022-10-06 13:12:15', '2022-10-06 13:12:15'),
(28, 'DDMKUMEGIOMW', 'buvYnMNK8RQZ@gmail.com', '25f9e794323b453885f5181f1b624d0b', NULL, NULL, 1, 0, 2, NULL, NULL, '2022-10-06 13:12:15', '2022-10-06 13:12:15'),
(29, 'KROKSWLVOQTD', 'jBYcWHA4pryG@gmail.com', '25f9e794323b453885f5181f1b624d0b', NULL, NULL, 1, 0, 1, NULL, NULL, '2022-10-06 13:12:15', '2022-10-06 13:12:15'),
(30, 'FBQSSUFWKFTV', 'aptEBW8yqyGt@gmail.com', '25f9e794323b453885f5181f1b624d0b', NULL, NULL, 1, 0, 2, NULL, NULL, '2022-10-06 13:12:15', '2022-10-06 13:12:15'),
(31, 'JJJGZBFOPCDE', 'A81QB02Us651@gmail.com', '25f9e794323b453885f5181f1b624d0b', NULL, NULL, 1, 0, 2, NULL, NULL, '2022-10-06 13:12:15', '2022-10-06 13:12:15'),
(32, 'NILKDQKLGGIL', 'ERwV2ewNN7a1@gmail.com', '25f9e794323b453885f5181f1b624d0b', NULL, NULL, 1, 0, 2, NULL, NULL, '2022-10-06 13:12:15', '2022-10-06 13:12:15'),
(33, 'H HCLNOGVJDV', '4K1BLlN7eJk5@gmail.com', '25f9e794323b453885f5181f1b624d0b', NULL, NULL, 1, 0, 3, NULL, NULL, '2022-10-06 13:12:15', '2022-10-06 13:12:15'),
(34, 'HUDRDRHYBHZ ', 'ijuzskYlNV2e@gmail.com', '25f9e794323b453885f5181f1b624d0b', NULL, NULL, 1, 0, 1, NULL, NULL, '2022-10-06 13:12:15', '2022-10-06 13:12:15'),
(35, 'NECRKJ RYMBJ', 'q3dm21uGhnTT@gmail.com', '25f9e794323b453885f5181f1b624d0b', NULL, NULL, 1, 0, 3, NULL, NULL, '2022-10-06 13:12:15', '2022-10-06 13:12:15'),
(36, 'JYVUVISYOJDS', 'dhAMMv8PrauJ@gmail.com', '25f9e794323b453885f5181f1b624d0b', NULL, NULL, 1, 0, 1, NULL, NULL, '2022-10-06 13:12:15', '2022-10-06 13:12:15'),
(37, 'Q YXVE YQPCA', 'AY210GtmdFbf@gmail.com', '25f9e794323b453885f5181f1b624d0b', NULL, NULL, 1, 0, 3, NULL, NULL, '2022-10-06 13:12:15', '2022-10-06 13:12:15'),
(38, 'LZTAQNQBRYGM', 'HVyCVWkdVwyb@gmail.com', '25f9e794323b453885f5181f1b624d0b', NULL, NULL, 1, 0, 3, NULL, NULL, '2022-10-06 13:12:15', '2022-10-06 13:12:15'),
(39, 'BWJQWPODISFL', '5OUXMAYzHxCJ@gmail.com', '25f9e794323b453885f5181f1b624d0b', NULL, NULL, 1, 0, 2, NULL, NULL, '2022-10-06 13:12:15', '2022-10-06 13:12:15'),
(40, 'SHJRXSEONDXO', 'W5tjn9gvSnVd@gmail.com', '25f9e794323b453885f5181f1b624d0b', NULL, NULL, 1, 0, 3, NULL, NULL, '2022-10-06 13:12:15', '2022-10-06 13:12:15'),
(41, 'LTVBNIGQ  WT', 'Ch9SSVyXsYVk@gmail.com', '25f9e794323b453885f5181f1b624d0b', NULL, NULL, 1, 0, 2, NULL, NULL, '2022-10-06 13:12:15', '2022-10-06 13:12:15'),
(42, 'LKUXZBQIIAGB', 'RUDiVRbo6RnH@gmail.com', '25f9e794323b453885f5181f1b624d0b', NULL, NULL, 1, 0, 3, NULL, NULL, '2022-10-06 13:12:15', '2022-10-06 13:12:15'),
(43, 'RF RODLGEZGU', 'BoRSrMibgSKu@gmail.com', '25f9e794323b453885f5181f1b624d0b', NULL, NULL, 1, 0, 3, NULL, NULL, '2022-10-06 13:12:15', '2022-10-06 13:12:15'),
(44, 'ZDZN MTQETNE', 'YRTl0IXgKzAW@gmail.com', '25f9e794323b453885f5181f1b624d0b', NULL, NULL, 1, 0, 2, NULL, NULL, '2022-10-06 13:12:15', '2022-10-06 13:12:15'),
(45, 'HLENSEIGOIYZ', 'imM3oPpc23HF@gmail.com', '25f9e794323b453885f5181f1b624d0b', NULL, NULL, 1, 0, 1, NULL, NULL, '2022-10-06 13:12:15', '2022-10-06 13:12:15'),
(46, 'ARTWAXEEZQKT', 'xIcbJ0ZkTNQT@gmail.com', '25f9e794323b453885f5181f1b624d0b', NULL, NULL, 1, 0, 1, NULL, NULL, '2022-10-06 13:12:15', '2022-10-06 13:12:15'),
(47, 'QTCELEIFIXXQ', 'B8tviYdbeYzJ@gmail.com', '25f9e794323b453885f5181f1b624d0b', NULL, NULL, 1, 0, 1, NULL, NULL, '2022-10-06 13:12:15', '2022-10-06 13:12:15'),
(48, 'WHCUEDIRMBGY', '5zJo8XBSaYm2@gmail.com', '25f9e794323b453885f5181f1b624d0b', NULL, NULL, 1, 0, 2, NULL, NULL, '2022-10-06 13:12:15', '2022-10-06 13:12:15'),
(49, 'JPXMQMOLVGHU', 'fDRqbdGKEuhs@gmail.com', '25f9e794323b453885f5181f1b624d0b', NULL, NULL, 1, 0, 3, NULL, NULL, '2022-10-06 13:12:15', '2022-10-06 13:12:15'),
(50, 'GWXXDUVLTVDO', 'EpF6Dy13O2mi@gmail.com', '25f9e794323b453885f5181f1b624d0b', NULL, NULL, 1, 0, 2, NULL, NULL, '2022-10-06 13:12:15', '2022-10-06 13:12:15'),
(51, 'STFWOJWCVJZD', 'NirKaWxe21Tc@gmail.com', '25f9e794323b453885f5181f1b624d0b', NULL, NULL, 1, 0, 1, NULL, NULL, '2022-10-06 13:12:15', '2022-10-06 13:12:15'),
(52, 'IRPBWVCQXAPP', 'ryHLrdJbPw01@gmail.com', '25f9e794323b453885f5181f1b624d0b', NULL, NULL, 1, 0, 1, NULL, NULL, '2022-10-06 13:12:15', '2022-10-06 13:12:15'),
(53, ' NUTPCYXWHCZ', 'Pee8DEvGpWLe@gmail.com', '25f9e794323b453885f5181f1b624d0b', NULL, NULL, 1, 0, 3, NULL, NULL, '2022-10-06 13:12:15', '2022-10-06 13:12:15'),
(54, 'ULBXRDZFFZBS', 'LBaS4e5fjpze@gmail.com', '25f9e794323b453885f5181f1b624d0b', NULL, NULL, 1, 0, 1, NULL, NULL, '2022-10-06 13:12:15', '2022-10-06 13:12:15'),
(55, 'SCIDYGSYPHFR', 'DEyuhgy3bw93@gmail.com', '25f9e794323b453885f5181f1b624d0b', NULL, NULL, 1, 0, 1, NULL, NULL, '2022-10-06 13:12:15', '2022-10-06 13:12:15'),
(56, 'Tôn Văn Hiệp', 'tonvanhiepdragon@gmail.com', '25f9e794323b453885f5181f1b624d0b', NULL, NULL, 1, 0, 2, NULL, NULL, '2022-10-06 13:12:15', '2022-10-06 14:09:57'),
(57, 'PA OESNAQUMF', 'rCgGqm8Fgnca@gmail.com', '25f9e794323b453885f5181f1b624d0b', NULL, NULL, 1, 0, 2, NULL, NULL, '2022-10-06 13:12:15', '2022-10-06 13:12:15'),
(58, 'ZHSUUXMOQOWG', 'sFdjefBkRuvN@gmail.com', '25f9e794323b453885f5181f1b624d0b', NULL, NULL, 1, 0, 3, NULL, NULL, '2022-10-06 13:12:15', '2022-10-06 13:12:15'),
(59, 'TRU EAFZLUCK', 'mVRvGFOFDlfu@gmail.com', '25f9e794323b453885f5181f1b624d0b', NULL, NULL, 1, 0, 3, NULL, NULL, '2022-10-06 13:12:15', '2022-10-06 13:12:15'),
(60, 'UFBVEFVFZZYG', 'etWowYPepHwg@gmail.com', '25f9e794323b453885f5181f1b624d0b', NULL, NULL, 1, 0, 3, NULL, NULL, '2022-10-06 13:12:15', '2022-10-06 13:12:15'),
(61, 'OE AMFZIKFJY', '3850RBP91l0X@gmail.com', '25f9e794323b453885f5181f1b624d0b', NULL, NULL, 1, 0, 3, NULL, NULL, '2022-10-06 13:12:15', '2022-10-06 13:12:15'),
(62, 'U IYHPAZ TTP', 'zRuIS8qwDp0z@gmail.com', '25f9e794323b453885f5181f1b624d0b', NULL, NULL, 1, 0, 1, NULL, NULL, '2022-10-06 13:12:15', '2022-10-06 13:12:15'),
(63, 'QXCMZLHUCPTP', 'woN7QSuEYMbc@gmail.com', '25f9e794323b453885f5181f1b624d0b', NULL, NULL, 1, 0, 1, NULL, NULL, '2022-10-06 13:12:15', '2022-10-06 13:12:15'),
(64, 'MPMTWIQFUJCT', 'X2aaNOcoeJzq@gmail.com', '25f9e794323b453885f5181f1b624d0b', NULL, NULL, 1, 0, 3, NULL, NULL, '2022-10-06 13:12:15', '2022-10-06 13:12:15'),
(65, 'YJWFLWOWSQAA', 'njDYMtbe5M5h@gmail.com', '25f9e794323b453885f5181f1b624d0b', NULL, NULL, 1, 0, 3, NULL, NULL, '2022-10-06 13:12:15', '2022-10-06 13:12:15'),
(66, 'VYYIXAVELSE ', 'DLdDzI3ZWXPE@gmail.com', '25f9e794323b453885f5181f1b624d0b', NULL, NULL, 1, 1, 1, NULL, NULL, '2022-10-06 13:12:15', '2022-10-06 13:12:15'),
(67, 'HMNEZWOJFKOD', '1NrMsmjPc8VJ@gmail.com', '25f9e794323b453885f5181f1b624d0b', NULL, NULL, 1, 0, 1, NULL, NULL, '2022-10-06 13:12:15', '2022-10-06 13:12:15'),
(68, 'SARXSBTOJUPK', 'BqpEt6HFIrcb@gmail.com', '25f9e794323b453885f5181f1b624d0b', NULL, NULL, 1, 0, 2, NULL, NULL, '2022-10-06 13:12:15', '2022-10-06 13:12:15'),
(69, 'VUCWFBNRKRBN', 'CcAmE9uLTSHo@gmail.com', '25f9e794323b453885f5181f1b624d0b', NULL, NULL, 0, 0, 2, NULL, NULL, '2022-10-06 13:12:15', '2022-10-06 13:40:43'),
(70, 'HAZPIZIDTJIR', '3DSfoeQmcJDl@gmail.com', '25f9e794323b453885f5181f1b624d0b', NULL, NULL, 1, 0, 1, NULL, NULL, '2022-10-06 13:12:15', '2022-10-06 13:12:15'),
(71, 'LPUCYKXEWFNC', 'dy588Xw5uIhd@gmail.com', '25f9e794323b453885f5181f1b624d0b', NULL, NULL, 0, 0, 1, NULL, NULL, '2022-10-06 13:12:15', '2022-10-06 13:40:37'),
(72, 'KHWJIDGVZSSR', 'ypmitSPUkKMU@gmail.com', '25f9e794323b453885f5181f1b624d0b', NULL, NULL, 1, 0, 3, NULL, NULL, '2022-10-06 13:12:15', '2022-10-06 13:12:15'),
(73, 'I WVZGMOEOKD', 'VAeDsC4bv6kQ@gmail.com', '25f9e794323b453885f5181f1b624d0b', NULL, NULL, 1, 0, 2, NULL, NULL, '2022-10-06 13:12:15', '2022-10-06 13:12:15'),
(74, 'ZFQGHGLLLFOD', 'mahCOaMd1NOi@gmail.com', '25f9e794323b453885f5181f1b624d0b', NULL, NULL, 1, 0, 3, NULL, NULL, '2022-10-06 13:12:15', '2022-10-06 13:12:15'),
(75, 'TDQFEDKPQWXW', 'aYi7pEfLYznH@gmail.com', '25f9e794323b453885f5181f1b624d0b', NULL, NULL, 1, 0, 3, NULL, NULL, '2022-10-06 13:12:15', '2022-10-06 13:12:15'),
(76, 'ZFWBSARLUETH', 'AvRZyistan3b@gmail.com', '25f9e794323b453885f5181f1b624d0b', NULL, NULL, 1, 0, 1, NULL, NULL, '2022-10-06 13:12:15', '2022-10-06 13:40:24'),
(77, 'YFJMOTZLKCEH', '3KIuIC664GDb@gmail.com', '25f9e794323b453885f5181f1b624d0b', NULL, NULL, 1, 0, 3, NULL, NULL, '2022-10-06 13:12:15', '2022-10-06 13:12:15'),
(78, 'A WJENRPQMSQ', 'P6TZIZZwYA3Y@gmail.com', '25f9e794323b453885f5181f1b624d0b', NULL, NULL, 1, 0, 2, NULL, NULL, '2022-10-06 13:12:15', '2022-10-06 13:12:15'),
(79, 'GZTTHGUNIJZE', 'mrDSbc4HtAE7@gmail.com', '25f9e794323b453885f5181f1b624d0b', NULL, NULL, 1, 0, 2, NULL, NULL, '2022-10-06 13:12:15', '2022-10-06 13:12:15'),
(80, 'DKXCHOIBFCTL', '13NkmXcxFKKv@gmail.com', '25f9e794323b453885f5181f1b624d0b', NULL, NULL, 1, 0, 3, NULL, NULL, '2022-10-06 13:12:15', '2022-10-06 13:12:15'),
(81, 'YHVPMOTGNQCH', '5asi3VTAKW6d@gmail.com', '25f9e794323b453885f5181f1b624d0b', NULL, NULL, 1, 0, 3, NULL, NULL, '2022-10-06 13:12:15', '2022-10-06 13:12:15'),
(82, 'KUIFSHPLSYZC', '88igH8btBQaI@gmail.com', '25f9e794323b453885f5181f1b624d0b', NULL, NULL, 1, 0, 1, NULL, NULL, '2022-10-06 13:12:15', '2022-10-06 13:12:15'),
(83, 'MMXLOAXOF BW', 'ETthF9yL5awW@gmail.com', '25f9e794323b453885f5181f1b624d0b', NULL, NULL, 1, 0, 2, NULL, NULL, '2022-10-06 13:12:15', '2022-10-06 13:12:15'),
(84, 'VWWYBO ZCKWU', 'fkd6PBdfnsWJ@gmail.com', '25f9e794323b453885f5181f1b624d0b', NULL, NULL, 1, 0, 2, NULL, NULL, '2022-10-06 13:12:15', '2022-10-06 13:12:15'),
(85, 'DYSLEKXBDTVK', '4GTGokeKXf8a@gmail.com', '25f9e794323b453885f5181f1b624d0b', NULL, NULL, 1, 0, 2, NULL, NULL, '2022-10-06 13:12:15', '2022-10-06 13:12:15'),
(86, 'DQILKUXPRFGB', 'gF6SO8wYLIdo@gmail.com', '25f9e794323b453885f5181f1b624d0b', NULL, NULL, 1, 0, 1, NULL, NULL, '2022-10-06 13:12:15', '2022-10-06 13:12:15'),
(87, 'PNCPRVA XDVY', 'dy9dxcc3kBdt@gmail.com', '25f9e794323b453885f5181f1b624d0b', NULL, NULL, 1, 0, 1, NULL, NULL, '2022-10-06 13:12:15', '2022-10-06 13:12:15'),
(88, 'RMCSYRNYKWFK', 'Ql4wtlbwPtQB@gmail.com', '25f9e794323b453885f5181f1b624d0b', NULL, NULL, 1, 0, 3, NULL, NULL, '2022-10-06 13:12:15', '2022-10-06 13:12:15'),
(89, 'OV YZHVAYEEH', '5LthZLcf02M9@gmail.com', '25f9e794323b453885f5181f1b624d0b', NULL, NULL, 1, 0, 3, NULL, NULL, '2022-10-06 13:12:15', '2022-10-06 13:12:15'),
(90, 'ZWJ BFCTQZPC', 'mcCSIP1qyqCz@gmail.com', '25f9e794323b453885f5181f1b624d0b', NULL, NULL, 1, 0, 1, NULL, NULL, '2022-10-06 13:12:15', '2022-10-06 13:12:15'),
(91, 'HBSISYHSBJVQ', 'Rf0gs7qB7xEj@gmail.com', '25f9e794323b453885f5181f1b624d0b', NULL, NULL, 1, 1, 2, NULL, NULL, '2022-10-06 13:12:15', '2022-10-06 13:12:15'),
(92, 'UAFTZWDXLDZ ', 'wrZjZJrbUilw@gmail.com', '25f9e794323b453885f5181f1b624d0b', NULL, NULL, 1, 0, 1, NULL, NULL, '2022-10-06 13:12:15', '2022-10-06 13:12:15'),
(93, 'JA MQFYDLIYB', 'ZEp1ll5DrNqp@gmail.com', '25f9e794323b453885f5181f1b624d0b', NULL, NULL, 0, 0, 3, NULL, NULL, '2022-10-06 13:12:15', '2022-10-06 14:09:41'),
(94, 'DRUTAHBCPDPP', 'nvaiSlrdgUGR@gmail.com', '25f9e794323b453885f5181f1b624d0b', NULL, NULL, 1, 0, 3, NULL, NULL, '2022-10-06 13:12:15', '2022-10-06 13:12:15'),
(95, 'PPBPKWHYTBRR', 'kVNDmd7GIP5D@gmail.com', '25f9e794323b453885f5181f1b624d0b', NULL, NULL, 1, 0, 3, NULL, NULL, '2022-10-06 13:12:15', '2022-10-06 13:12:15'),
(96, 'NKLNHUTPXLIB', 'tABcMQ0IYTtD@gmail.com', '25f9e794323b453885f5181f1b624d0b', NULL, NULL, 1, 1, 1, NULL, NULL, '2022-10-06 13:12:15', '2022-10-06 13:12:15'),
(97, 'SSODYZVMLDJQ', 'EFmUEjPNEShI@gmail.com', '25f9e794323b453885f5181f1b624d0b', NULL, NULL, 1, 0, 1, NULL, NULL, '2022-10-06 13:12:15', '2022-10-06 13:12:15'),
(98, 'XBUIAGIXW FQ', 'Vzrybdg4mfhP@gmail.com', '25f9e794323b453885f5181f1b624d0b', NULL, NULL, 1, 0, 2, NULL, NULL, '2022-10-06 13:12:15', '2022-10-06 13:12:15'),
(99, 'GKFENWKJKVNA', 'NNOiZEEU4KyF@gmail.com', '25f9e794323b453885f5181f1b624d0b', NULL, NULL, 1, 0, 1, NULL, NULL, '2022-10-06 13:12:15', '2022-10-06 13:12:15'),
(100, 'WDHQPOMOSBPK', 'BAfGoUdPE310@gmail.com', '25f9e794323b453885f5181f1b624d0b', NULL, NULL, 1, 0, 1, NULL, NULL, '2022-10-06 13:12:15', '2022-10-06 13:12:15'),
(101, 'GDIJZJLQYWGS', 'M66zj425Tjro@gmail.com', '25f9e794323b453885f5181f1b624d0b', NULL, NULL, 1, 1, 1, NULL, NULL, '2022-10-06 13:12:15', '2022-10-06 13:12:15'),
(102, 'NSJGWQOPRJOA', 'Hl2wWQEqb9lY@gmail.com', '25f9e794323b453885f5181f1b624d0b', NULL, NULL, 1, 0, 2, NULL, NULL, '2022-10-06 13:12:15', '2022-10-06 13:12:15'),
(103, 'DWYKFEZEO TO', 'BMNFmCgSo6Th@gmail.com', '25f9e794323b453885f5181f1b624d0b', NULL, NULL, 1, 0, 2, NULL, NULL, '2022-10-06 13:12:15', '2022-10-06 13:12:15'),
(104, 'MKTTKWPQCYNQ', 'WhJuADXOaN8p@gmail.com', '25f9e794323b453885f5181f1b624d0b', NULL, NULL, 1, 0, 1, NULL, NULL, '2022-10-06 13:12:15', '2022-10-06 13:12:15'),
(105, 'QLFOAFQSXB N', 'ORNkDmjnpZH8@gmail.com', '25f9e794323b453885f5181f1b624d0b', NULL, NULL, 1, 0, 1, NULL, NULL, '2022-10-06 13:12:15', '2022-10-06 13:12:15'),
(106, 'Tôn Văn Hiệp', 'gon@gmail.com', 'actionRegister', NULL, NULL, 1, 0, 1, NULL, NULL, '2022-10-06 15:38:34', '2022-10-06 15:38:34');

-- --------------------------------------------------------

--
-- Cấu trúc bảng cho bảng `MST_CONTACT`
--

CREATE TABLE `MST_CONTACT` (
  `contact_id` int NOT NULL,
  `name` varchar(50) NOT NULL,
  `phone` varchar(15) NOT NULL,
  `email` varchar(255) NOT NULL,
  `message` text NOT NULL,
  `created_at` timestamp NOT NULL
) ENGINE=InnoDB DEFAULT CHARSET=utf8mb4 COLLATE=utf8mb4_0900_ai_ci;

--
-- Đang đổ dữ liệu cho bảng `MST_CONTACT`
--

INSERT INTO `MST_CONTACT` (`contact_id`, `name`, `phone`, `email`, `message`, `created_at`) VALUES
(1, 'Tôn Hiệp', '0363038485', 'tonvanhiepdragon@gmail.com', 'ko co loi.\r\nko co loi.\r\nko co loi.\r\nko co loi.\r\nko co loi.\r\nko co loi.\r\nko co loi.\r\nko co loi.\r\nko co loi.\r\nko co loi.\r\nko co loi.\r\nko co loi.\r\nko co loi.\r\nko co loi.\r\nko co loi.\r\nko co loi.\r\nko co loi.\r\nko co loi.\r\nko co loi.\r\nko co loi.\r\nko co loi.\r\nko co loi.\r\nko co loi.\r\nko co loi.\r\nko co loi.\r\nko co loi.\r\nko co loi.\r\nko co loi.\r\nko co loi.', '2022-10-12 10:47:06'),
(2, 'Hiệp Tôn', '0363038485', 'tonvanhiepdragon@gmail.com', '1234560', '2022-10-12 10:47:50');

-- --------------------------------------------------------

--
-- Cấu trúc bảng cho bảng `MST_CUSTOMER`
--

CREATE TABLE `MST_CUSTOMER` (
  `customer_id` int NOT NULL,
  `customer_name` varchar(255) CHARACTER SET utf8mb4 COLLATE utf8mb4_unicode_ci NOT NULL,
  `email` varchar(255) CHARACTER SET utf8mb4 COLLATE utf8mb4_unicode_ci NOT NULL,
  `password` varchar(50) COLLATE utf8mb4_unicode_ci NOT NULL,
  `tel_num` varchar(14) CHARACTER SET utf8mb4 COLLATE utf8mb4_unicode_ci NOT NULL,
  `address` varchar(255) CHARACTER SET utf8mb4 COLLATE utf8mb4_unicode_ci NOT NULL,
  `is_active` tinyint(1) DEFAULT NULL,
  `created_at` timestamp NULL DEFAULT NULL,
  `updated_at` timestamp NULL DEFAULT NULL
) ENGINE=InnoDB DEFAULT CHARSET=utf8mb4 COLLATE=utf8mb4_unicode_ci;

--
-- Đang đổ dữ liệu cho bảng `MST_CUSTOMER`
--

INSERT INTO `MST_CUSTOMER` (`customer_id`, `customer_name`, `email`, `password`, `tel_num`, `address`, `is_active`, `created_at`, `updated_at`) VALUES
(3, 'Tôn Văn Hiệp', 'tonvanhiepdragon@gmail.com', 'e807f1fcf82d132f9bb018ca6738a19f', '0934848322', '01/1 Nguyễn Văn Trỗi, Tiên Hội, Nhơn Thành, An Nhơn, Bình Định', 1, '2022-09-30 08:50:14', '2022-10-14 13:46:40'),
(5, 'NAVE LOPI HANUI', 'I3LWgIDir0viyUOA@gmail.com', 'e807f1fcf82d132f9bb018ca6738a19f', '0496588949', 'ktx b', 0, '2022-10-03 13:06:18', '2022-10-05 08:12:45'),
(10, 'NAVE LOPI HANUI', 'epdragon@gmail.com', 'e807f1fcf82d132f9bb018ca6738a19f', '0997026433', 'ABC XYZ, ABC MNG, CDN WOP, FGH CSV', 1, '2022-10-03 13:06:18', '2022-10-05 08:31:09'),
(11, 'NAVE LOPI HANUI', 'tonsssvanhiepdragon@gmail.com', 'e807f1fcf82d132f9bb018ca6738a19f', '0440985734', 'ABC XYZ, ABC MNG, CDN WOP, FGH CSV', 0, '2022-10-03 13:06:18', '2022-10-05 08:33:39'),
(12, 'NAVE LOPI HANUI', 'tonvasddnhiepdragon@gmail.com', 'e807f1fcf82d132f9bb018ca6738a19f', '0702088579', 'ABC XYZ, ABC MNG, CDN WOP, FGH CSV', 1, '2022-10-03 13:06:18', '2022-10-05 09:00:52'),
(14, 'NAVE LOPI HANUI', 'yZnPF0TUGe14lMoB@gmail.com', 'e807f1fcf82d132f9bb018ca6738a19f', '0690198905', 'ABC XYZ, ABC MNG, CDN WOP, FGH CSV', 0, '2022-10-03 13:06:18', '2022-10-05 08:19:19'),
(15, 'NAVE LOPI HANUI', 'OjYhymohKHtSYzzo@gmail.com', 'e807f1fcf82d132f9bb018ca6738a19f', '0872437745', 'ABC XYZ, ABC MNG, CDN WOP, FGH CSV', 1, '2022-10-03 13:06:18', '2022-10-05 08:19:06'),
(20, 'NAVE LOPI HANUI', 'rg8jKpUk5mIQk4Ik@gmail.com', 'e807f1fcf82d132f9bb018ca6738a19f', '0271447986', 'ABC XYZ, ABC MNG, CDN WOP, FGH CSV', 1, '2022-10-03 13:06:18', '2022-10-03 13:06:18'),
(21, 'NAVE LOPI HANUI', 'zvlAAZySmbgdtNzL@gmail.com', 'e807f1fcf82d132f9bb018ca6738a19f', '0723871476', 'ABC XYZ, ABC MNG, CDN WOP, FGH CSV', 1, '2022-10-03 13:06:18', '2022-10-03 13:06:18'),
(22, 'NAVE LOPI HANUI', 'ellcGt5l3wXESGQz@gmail.com', 'e807f1fcf82d132f9bb018ca6738a19f', '0748967525', 'ABC XYZ, ABC MNG, CDN WOP, FGH CSV', 1, '2022-10-03 13:06:18', '2022-10-03 13:06:18'),
(23, 'NAVE LOPI HANUI', 'N4gIW4ZWIh8bSutw@gmail.com', 'e807f1fcf82d132f9bb018ca6738a19f', '0304557438', 'ABC XYZ, ABC MNG, CDN WOP, FGH CSV', 1, '2022-10-03 13:06:19', '2022-10-03 13:06:19'),
(24, 'NAVE LOPI HANUI', 'jffI1gZmMGntn5z8@gmail.com', 'e807f1fcf82d132f9bb018ca6738a19f', '0761321542', 'ABC XYZ, ABC MNG, CDN WOP, FGH CSV', 1, '2022-10-03 13:06:19', '2022-10-03 13:06:19'),
(25, 'NAVE LOPI HANUI', 'ffF0YsnI7MKFNbqq@gmail.com', 'e807f1fcf82d132f9bb018ca6738a19f', '0673898505', 'ABC XYZ, ABC MNG, CDN WOP, FGH CSV', 1, '2022-10-03 13:06:19', '2022-10-03 13:06:19'),
(26, 'NAVE LOPI HANUI', 'qpeUlcjed77IG8G8@gmail.com', 'e807f1fcf82d132f9bb018ca6738a19f', '0799057787', 'ABC XYZ, ABC MNG, CDN WOP, FGH CSV', 0, '2022-10-03 13:06:19', '2022-10-05 09:46:49'),
(27, 'NAVE LOPI HANUI', 'ik8eQIQZ8KRhwzrb@gmail.com', 'e807f1fcf82d132f9bb018ca6738a19f', '0958948080', 'Regular Expression', 1, '2022-10-03 13:06:19', '2022-10-05 13:10:46'),
(28, 'NAVE LOPI HANUI', '7Bay22hnnVUWtWtW@gmail.com', 'e807f1fcf82d132f9bb018ca6738a19f', '0097598263', 'ABC XYZ, ABC MNG, CDN WOP, FGH CSV', 1, '2022-10-03 13:06:19', '2022-10-03 13:06:19'),
(29, 'NAVE LOPI HANUI', 'dKK4AcJKVmOgX46Z@gmail.com', 'e807f1fcf82d132f9bb018ca6738a19f', '0522614172', 'ABC XYZ, ABC MNG, CDN WOP, FGH CSV', 1, '2022-10-03 13:06:19', '2022-10-03 13:06:19'),
(30, 'NAVE LOPI HANUI', 'Ywee3wjXbl1W87DS@gmail.com', 'e807f1fcf82d132f9bb018ca6738a19f', '0472014296', 'ABC XYZ, ABC MNG, CDN WOP, FGH CSV', 1, '2022-10-03 13:06:19', '2022-10-03 13:06:19'),
(31, 'NAVE LOPI HANUI', 'dridcgTMYAxQntmz@gmail.com', 'e807f1fcf82d132f9bb018ca6738a19f', '0770315902', 'ABC XYZ, ABC MNG, CDN WOP, FGH CSV', 1, '2022-10-03 13:06:19', '2022-10-03 13:06:19'),
(32, 'NAVE LOPI HANUI', 'ex7eDeyvA4cjmHDX@gmail.com', 'e807f1fcf82d132f9bb018ca6738a19f', '0866578643', 'ABC XYZ, ABC MNG, CDN WOP, FGH CSV', 1, '2022-10-03 13:06:19', '2022-10-03 13:06:19'),
(33, 'NAVE LOPI HANUI', 'k5hMaYniZ9rJcz4m@gmail.com', 'e807f1fcf82d132f9bb018ca6738a19f', '0086725445', 'ABC XYZ, ABC MNG, CDN WOP, FGH CSV', 1, '2022-10-03 13:06:19', '2022-10-03 13:06:19'),
(34, 'NAVE LOPI HANUI', 'nbrXKb552wmYmCZv@gmail.com', 'e807f1fcf82d132f9bb018ca6738a19f', '0252818620', 'ABC XYZ, ABC MNG, CDN WOP, FGH CSV', 1, '2022-10-03 13:06:19', '2022-10-03 13:06:19'),
(35, 'NAVE LOPI HANUI', 'WcztBCbxM6WHgYDP@gmail.com', 'e807f1fcf82d132f9bb018ca6738a19f', '0782032704', 'ABC XYZ, ABC MNG, CDN WOP, FGH CSV', 1, '2022-10-03 13:06:19', '2022-10-03 13:06:19'),
(36, 'NAVE LOPI HANUI', 'v85CpvLwX9ixlnqs@gmail.com', 'e807f1fcf82d132f9bb018ca6738a19f', '0041120533', 'ABC XYZ, ABC MNG, CDN WOP, FGH CSV', 1, '2022-10-03 13:06:19', '2022-10-03 13:06:19'),
(37, 'NAVE LOPI HANUI', 'LnZc2wocTDMi0b1f@gmail.com', 'e807f1fcf82d132f9bb018ca6738a19f', '0387921997', 'ABC XYZ, ABC MNG, CDN WOP, FGH CSV', 1, '2022-10-03 13:06:19', '2022-10-03 13:06:19'),
(38, 'NAVE LOPI HANUI', '3nApHJZIT9olkfTt@gmail.com', 'e807f1fcf82d132f9bb018ca6738a19f', '0406261731', 'ABC XYZ, ABC MNG, CDN WOP, FGH CSV', 1, '2022-10-03 13:06:19', '2022-10-03 13:06:19'),
(39, 'NAVE LOPI HANUI', 'rKw55ymgNkrbSB7U@gmail.com', 'e807f1fcf82d132f9bb018ca6738a19f', '0930994351', 'ABC XYZ, ABC MNG, CDN WOP, FGH CSV', 1, '2022-10-03 13:06:19', '2022-10-03 13:06:19'),
(40, 'NAVE LOPI HANUI', 'TVNx2lhbEjFhbqgS@gmail.com', 'e807f1fcf82d132f9bb018ca6738a19f', '0122236908', 'ABC XYZ, ABC MNG, CDN WOP, FGH CSV', 1, '2022-10-03 13:06:19', '2022-10-03 13:06:19'),
(41, 'NAVE LOPI HANUI', 'uslx43BI9jainKfR@gmail.com', 'e807f1fcf82d132f9bb018ca6738a19f', '0683426373', 'ABC XYZ, ABC MNG, CDN WOP, FGH CSV', 1, '2022-10-03 13:06:19', '2022-10-03 13:06:19'),
(42, 'NAVE LOPI HANUI', 'lJ40MjEW5FhZ9DWh@gmail.com', 'e807f1fcf82d132f9bb018ca6738a19f', '0244658835', 'ABC XYZ, ABC MNG, CDN WOP, FGH CSV', 1, '2022-10-03 13:06:19', '2022-10-03 13:06:19'),
(43, 'NAVE LOPI HANUI', 'e3cVgZn30y0KNLM5@gmail.com', 'e807f1fcf82d132f9bb018ca6738a19f', '0119237439', 'ABC XYZ, ABC MNG, CDN WOP, FGH CSV', 1, '2022-10-03 13:06:19', '2022-10-03 13:06:19'),
(44, 'HIEP VAN TON', 'pS9BWLsPGuKSfQRz@gmail.com', 'e807f1fcf82d132f9bb018ca6738a19f', '0603225138', 'ABC XYZ, ABC MNG, CDN WOP, FGH CSV', 1, '2022-10-03 13:06:19', '2022-10-05 09:03:20'),
(45, 'NAVE LOPI HANUI', 'We42KcEX1LxRasHd@gmail.com', 'e807f1fcf82d132f9bb018ca6738a19f', '0064318094', 'ABC XYZ, ABC MNG, CDN WOP, FGH CSV', 0, '2022-10-03 13:06:19', '2022-10-05 09:03:29'),
(46, 'NAVE LOPI HANUI', 'SqmaRVwkYoumeNtU@gmail.com', 'e807f1fcf82d132f9bb018ca6738a19f', '0720023851', 'ABC XYZ, ABC MNG, CDN WOP, FGH CSV', 1, '2022-10-03 13:06:19', '2022-10-03 13:06:19'),
(47, 'NAVE LOPI HANUI', '2y5qH1BdsR74kAB6@gmail.com', 'e807f1fcf82d132f9bb018ca6738a19f', '0599628453', 'ABC XYZ, ABC MNG, CDN WOP, FGH CSV', 1, '2022-10-03 13:06:19', '2022-10-03 13:06:19'),
(48, 'NAVE LOPI HANUI', 'x58aonjKxPo5YUEF@gmail.com', 'e807f1fcf82d132f9bb018ca6738a19f', '0186716665', 'ABC XYZ, ABC MNG, CDN WOP, FGH CSV', 1, '2022-10-03 13:06:19', '2022-10-03 13:06:19'),
(49, 'NAVE LOPI HANUI', '9C6L2fYI5mSBTSVV@gmail.com', 'e807f1fcf82d132f9bb018ca6738a19f', '0769625590', 'ABC XYZ, ABC MNG, CDN WOP, FGH CSV', 1, '2022-10-03 13:06:19', '2022-10-03 13:06:19'),
(50, 'NAVE LOPI HANUI', 'A2xxRjFaQVMTaXxj@gmail.com', 'e807f1fcf82d132f9bb018ca6738a19f', '0104487584', 'ABC XYZ, ABC MNG, CDN WOP, FGH CSV', 1, '2022-10-03 13:06:19', '2022-10-03 13:06:19'),
(51, 'NAVE LOPI HANUI', 'VkmzaXtMagMSsIuz@gmail.com', 'e807f1fcf82d132f9bb018ca6738a19f', '0072486835', 'ABC XYZ, ABC MNG, CDN WOP, FGH CSV', 1, '2022-10-03 13:06:19', '2022-10-03 13:06:19'),
(52, 'NAVE LOPI HANUI', '6Ui7LkY1o9dse62z@gmail.com', 'e807f1fcf82d132f9bb018ca6738a19f', '0628324108', 'ABC XYZ, ABC MNG, CDN WOP, FGH CSV', 1, '2022-10-03 13:06:19', '2022-10-03 13:06:19'),
(53, 'NAVE LOPI HANUI', 'bw6OhV4PDcNekQ6G@gmail.com', 'e807f1fcf82d132f9bb018ca6738a19f', '0006537378', 'ABC XYZ, ABC MNG, CDN WOP, FGH CSV', 1, '2022-10-03 13:06:19', '2022-10-03 13:06:19'),
(54, 'NAVE LOPI HANUI', 'jJxPK0VwTrUunQ5V@gmail.com', 'e807f1fcf82d132f9bb018ca6738a19f', '0656931757', 'ABC XYZ, ABC MNG, CDN WOP, FGH CSV', 1, '2022-10-03 13:06:19', '2022-10-03 13:06:19'),
(55, 'NAVE LOPI HANUI', '3LXfRbKNXZUd2DJT@gmail.com', 'e807f1fcf82d132f9bb018ca6738a19f', '0171194325', 'ABC XYZ, ABC MNG, CDN WOP, FGH CSV', 1, '2022-10-03 13:06:19', '2022-10-03 13:06:19'),
(56, 'NAVE LOPI HANUI', 'qcfVg1AYRjGTPe9j@gmail.com', 'e807f1fcf82d132f9bb018ca6738a19f', '0470882476', 'ABC XYZ, ABC MNG, CDN WOP, FGH CSV', 1, '2022-10-03 13:06:19', '2022-10-03 13:06:19'),
(57, 'NAVE LOPI HANUI', '0miPzoI3S9Cmax4G@gmail.com', 'e807f1fcf82d132f9bb018ca6738a19f', '0798141027', 'ABC XYZ, ABC MNG, CDN WOP, FGH CSV', 1, '2022-10-03 13:06:19', '2022-10-03 13:06:19'),
(58, 'NAVE LOPI HANUI', '9mRjtSNzYPeKOfUq@gmail.com', 'e807f1fcf82d132f9bb018ca6738a19f', '0449214090', 'ABC XYZ, ABC MNG, CDN WOP, FGH CSV', 1, '2022-10-03 13:06:19', '2022-10-03 13:06:19'),
(59, 'NAVE LOPI HANUI', 'KwKhQuJQqsKYOyig@gmail.com', 'e807f1fcf82d132f9bb018ca6738a19f', '0838920258', 'ABC XYZ, ABC MNG, CDN WOP, FGH CSV', 1, '2022-10-03 13:06:19', '2022-10-03 13:06:19'),
(60, 'NAVE LOPI HANUI', 'ebIF5CjlFvouPxkv@gmail.com', 'e807f1fcf82d132f9bb018ca6738a19f', '0921207904', 'ABC XYZ, ABC MNG, CDN WOP, FGH CSV', 1, '2022-10-03 13:06:19', '2022-10-03 13:06:19'),
(61, 'NAVE LOPI HANUI', 'A9ul8hdWe5lWGWCF@gmail.com', 'e807f1fcf82d132f9bb018ca6738a19f', '0367543533', 'ABC XYZ, ABC MNG, CDN WOP, FGH CSV', 1, '2022-10-03 13:06:19', '2022-10-03 13:06:19'),
(62, 'NAVE LOPI HANUI', 'vOlOjqtKl76UNomk@gmail.com', 'e807f1fcf82d132f9bb018ca6738a19f', '0980183698', 'ABC XYZ, ABC MNG, CDN WOP, FGH CSV', 1, '2022-10-03 13:06:19', '2022-10-03 13:06:19'),
(63, 'NAVE LOPI HANUI', '4wDAH1TeJeAWyquH@gmail.com', 'e807f1fcf82d132f9bb018ca6738a19f', '0198055589', 'ABC XYZ, ABC MNG, CDN WOP, FGH CSV', 1, '2022-10-03 13:06:19', '2022-10-03 13:06:19'),
(64, 'NAVE LOPI HANUI', '2m1cBXbb1MAeouDF@gmail.com', 'e807f1fcf82d132f9bb018ca6738a19f', '0412801940', 'ABC XYZ, ABC MNG, CDN WOP, FGH CSV', 1, '2022-10-03 13:06:19', '2022-10-03 13:06:19'),
(65, 'NAVE LOPI HANUI', 'CS3lqB8M1iZPcgsE@gmail.com', 'e807f1fcf82d132f9bb018ca6738a19f', '0758642987', 'ABC XYZ, ABC MNG, CDN WOP, FGH CSV', 1, '2022-10-03 13:06:19', '2022-10-03 13:06:19'),
(66, 'NAVE LOPI HANUI', 'ZUSDwUvGrNMxHwsY@gmail.com', 'e807f1fcf82d132f9bb018ca6738a19f', '0917287802', 'ABC XYZ, ABC MNG, CDN WOP, FGH CSV', 1, '2022-10-03 13:06:19', '2022-10-03 13:06:19'),
(67, 'NAVE LOPI HANUI', 'RpFVsnZhRwYOTHyT@gmail.com', 'e807f1fcf82d132f9bb018ca6738a19f', '0685637449', 'ABC XYZ, ABC MNG, CDN WOP, FGH CSV', 1, '2022-10-03 13:06:19', '2022-10-03 13:06:19'),
(68, 'NAVE LOPI HANUI', 'XXG4CaEaYYF45uIi@gmail.com', 'e807f1fcf82d132f9bb018ca6738a19f', '0112319714', 'ABC XYZ, ABC MNG, CDN WOP, FGH CSV', 1, '2022-10-03 13:06:19', '2022-10-03 13:06:19'),
(69, 'NAVE LOPI HANUI', 'WktOFMfpljvHkNUh@gmail.com', 'e807f1fcf82d132f9bb018ca6738a19f', '0730670154', 'ABC XYZ, ABC MNG, CDN WOP, FGH CSV', 1, '2022-10-03 13:06:19', '2022-10-03 13:06:19'),
(70, 'NAVE LOPI HANUI', 'B3Rc2CuHIyMXeG6D@gmail.com', 'e807f1fcf82d132f9bb018ca6738a19f', '0082651132', 'ABC XYZ, ABC MNG, CDN WOP, FGH CSV', 1, '2022-10-03 13:06:19', '2022-10-03 13:06:19'),
(71, 'NAVE LOPI HANUI', 'V0HtI4RM200Za3x5@gmail.com', 'e807f1fcf82d132f9bb018ca6738a19f', '0625789802', 'ABC XYZ, ABC MNG, CDN WOP, FGH CSV', 1, '2022-10-03 13:06:19', '2022-10-03 13:06:19'),
(72, 'NAVE LOPI HANUI', 'VtAIqJc5baVll4UR@gmail.com', 'e807f1fcf82d132f9bb018ca6738a19f', '0082974234', 'ABC XYZ, ABC MNG, CDN WOP, FGH CSV', 1, '2022-10-03 13:06:19', '2022-10-03 13:06:19'),
(73, 'NAVE LOPI HANUI', 'fEmxQP2QxnU7Rm9x@gmail.com', 'e807f1fcf82d132f9bb018ca6738a19f', '0913555653', 'ABC XYZ, ABC MNG, CDN WOP, FGH CSV', 1, '2022-10-03 13:06:19', '2022-10-03 13:06:19'),
(74, 'NAVE LOPI HANUI', 'T1XvZVJO95eqXEb3@gmail.com', 'e807f1fcf82d132f9bb018ca6738a19f', '0718614717', 'ABC XYZ, ABC MNG, CDN WOP, FGH CSV', 1, '2022-10-03 13:06:19', '2022-10-03 13:06:19'),
(75, 'NAVE LOPI HANUI', 'VeWb82uYPndKNDxz@gmail.com', 'e807f1fcf82d132f9bb018ca6738a19f', '0089768976', 'ABC XYZ, ABC MNG, CDN WOP, FGH CSV', 1, '2022-10-03 13:06:19', '2022-10-03 13:06:19'),
(76, 'NAVE LOPI HANUI', 'C2GKH33C1kCdjDEX@gmail.com', 'e807f1fcf82d132f9bb018ca6738a19f', '0906581864', 'ABC XYZ, ABC MNG, CDN WOP, FGH CSV', 1, '2022-10-03 13:06:19', '2022-10-03 13:06:19'),
(77, 'NAVE LOPI HANUI', 'pNu84JaXwTvmhQxv@gmail.com', 'e807f1fcf82d132f9bb018ca6738a19f', '0666414450', 'ABC XYZ, ABC MNG, CDN WOP, FGH CSV', 1, '2022-10-03 13:06:19', '2022-10-03 13:06:19'),
(78, 'NAVE LOPI HANUI', '4RUPF8pWCtntnK7u@gmail.com', 'e807f1fcf82d132f9bb018ca6738a19f', '0831665867', 'ABC XYZ, ABC MNG, CDN WOP, FGH CSV', 1, '2022-10-03 13:06:19', '2022-10-03 13:06:19'),
(79, 'NAVE LOPI HANUI', 'Nix5TPna9Fs0AUUw@gmail.com', 'e807f1fcf82d132f9bb018ca6738a19f', '0044908263', 'ABC XYZ, ABC MNG, CDN WOP, FGH CSV', 1, '2022-10-03 13:06:19', '2022-10-03 13:06:19'),
(80, 'NAVE LOPI HANUI', 'MZV5yqskjXGjhkhQ@gmail.com', 'e807f1fcf82d132f9bb018ca6738a19f', '0751868845', 'ABC XYZ, ABC MNG, CDN WOP, FGH CSV', 1, '2022-10-03 13:06:19', '2022-10-03 13:06:19'),
(81, 'NAVE LOPI HANUI', 'KmT59JQgf73HI8cy@gmail.com', 'e807f1fcf82d132f9bb018ca6738a19f', '0967361127', 'ABC XYZ, ABC MNG, CDN WOP, FGH CSV', 1, '2022-10-03 13:06:19', '2022-10-03 13:06:19'),
(82, 'NAVE LOPI HANUI', 'jX3Yg1pmrNAWCrRM@gmail.com', 'e807f1fcf82d132f9bb018ca6738a19f', '0946299050', 'ABC XYZ, ABC MNG, CDN WOP, FGH CSV', 1, '2022-10-03 13:06:19', '2022-10-03 13:06:19'),
(83, 'NAVE LOPI HANUI', 'sSL6pbmIkigyPNOG@gmail.com', 'e807f1fcf82d132f9bb018ca6738a19f', '0209832316', 'ABC XYZ, ABC MNG, CDN WOP, FGH CSV', 1, '2022-10-03 13:06:20', '2022-10-03 13:06:20'),
(84, 'NAVE LOPI HANUI', 'pqw2WelRcWywdEhX@gmail.com', 'e807f1fcf82d132f9bb018ca6738a19f', '0115167438', 'ABC XYZ, ABC MNG, CDN WOP, FGH CSV', 1, '2022-10-03 13:06:20', '2022-10-03 13:06:20'),
(85, 'NAVE LOPI HANUI', 'iKCRpu9WdOlt3U3T@gmail.com', 'e807f1fcf82d132f9bb018ca6738a19f', '0176969748', 'ABC XYZ, ABC MNG, CDN WOP, FGH CSV', 1, '2022-10-03 13:06:20', '2022-10-03 13:06:20'),
(86, 'NAVE LOPI HANUI', 'nmtEdbCChmMuqJFY@gmail.com', 'e807f1fcf82d132f9bb018ca6738a19f', '0817950254', 'ABC XYZ, ABC MNG, CDN WOP, FGH CSV', 1, '2022-10-03 13:06:20', '2022-10-03 13:06:20'),
(87, 'NAVE LOPI HANUI', 'ncX6A53OIwq77Fdp@gmail.com', 'e807f1fcf82d132f9bb018ca6738a19f', '0503906463', 'ABC XYZ, ABC MNG, CDN WOP, FGH CSV', 1, '2022-10-03 13:06:20', '2022-10-03 13:06:20'),
(88, 'NAVE LOPI HANUI', 'QbC2ULUXwm6haSOM@gmail.com', 'e807f1fcf82d132f9bb018ca6738a19f', '0995448473', 'ABC XYZ, ABC MNG, CDN WOP, FGH CSV', 1, '2022-10-03 13:06:20', '2022-10-03 13:06:20'),
(89, 'NAVE LOPI HANUI', 'YCO5F15VBhoqKwHU@gmail.com', 'e807f1fcf82d132f9bb018ca6738a19f', '0412300832', 'ABC XYZ, ABC MNG, CDN WOP, FGH CSV', 1, '2022-10-03 13:06:20', '2022-10-03 13:06:20'),
(90, 'NAVE LOPI HANUI', 'HSIsPIoPeuQjDHe3@gmail.com', 'e807f1fcf82d132f9bb018ca6738a19f', '0330096046', 'ABC XYZ, ABC MNG, CDN WOP, FGH CSV', 1, '2022-10-03 13:06:20', '2022-10-03 13:06:20'),
(91, 'NAVE LOPI HANUI', '33BmHM2Ob618OMTm@gmail.com', 'e807f1fcf82d132f9bb018ca6738a19f', '0832253589', 'ABC XYZ, ABC MNG, CDN WOP, FGH CSV', 1, '2022-10-03 13:06:20', '2022-10-03 13:06:20'),
(92, 'NAVE LOPI HANUI', 'pMIWwF4xNCdwEsXk@gmail.com', 'e807f1fcf82d132f9bb018ca6738a19f', '0025874170', 'ABC XYZ, ABC MNG, CDN WOP, FGH CSV', 1, '2022-10-03 13:06:20', '2022-10-03 13:06:20'),
(93, 'NAVE LOPI HANUI', 'cwbkp5iV9qPoy6qR@gmail.com', 'e807f1fcf82d132f9bb018ca6738a19f', '0515425011', 'ABC XYZ, ABC MNG, CDN WOP, FGH CSV', 1, '2022-10-03 13:06:20', '2022-10-03 13:06:20'),
(94, 'NAVE LOPI HANUI', 's65pRchcbHojBCKQ@gmail.com', 'e807f1fcf82d132f9bb018ca6738a19f', '0586500299', 'ABC XYZ, ABC MNG, CDN WOP, FGH CSV', 1, '2022-10-03 13:06:20', '2022-10-03 13:06:20'),
(95, 'NAVE LOPI HANUI', 'zNpCgayHCUpKSAEB@gmail.com', 'e807f1fcf82d132f9bb018ca6738a19f', '0752513116', 'ABC XYZ, ABC MNG, CDN WOP, FGH CSV', 1, '2022-10-03 13:06:20', '2022-10-03 13:06:20'),
(96, 'NAVE LOPI HANUI', 'cSObY4J72NU1drdb@gmail.com', 'e807f1fcf82d132f9bb018ca6738a19f', '0278035090', 'ABC XYZ, ABC MNG, CDN WOP, FGH CSV', 1, '2022-10-03 13:06:20', '2022-10-03 13:06:20'),
(97, 'NAVE LOPI HANUI', 'mccwr4Nnw46HE3zr@gmail.com', 'e807f1fcf82d132f9bb018ca6738a19f', '0820458280', 'ABC XYZ, ABC MNG, CDN WOP, FGH CSV', 1, '2022-10-03 13:06:20', '2022-10-03 13:06:20'),
(98, 'NAVE LOPI HANUI', 'e86q38c2tY9Z6p7L@gmail.com', 'e807f1fcf82d132f9bb018ca6738a19f', '0100374275', 'ABC XYZ, ABC MNG, CDN WOP, FGH CSV', 1, '2022-10-03 13:06:20', '2022-10-03 13:06:20'),
(99, 'NAVE LOPI HANUI', '4AVxT0vcb7oFfA95@gmail.com', 'e807f1fcf82d132f9bb018ca6738a19f', '0287676544', 'ABC XYZ, ABC MNG, CDN WOP, FGH CSV', 1, '2022-10-03 13:06:20', '2022-10-03 13:06:20'),
(100, 'NAVE LOPI HANUI', 'VURWKx1KgilGLE1M@gmail.com', 'e807f1fcf82d132f9bb018ca6738a19f', '0622607426', 'ABC XYZ, ABC MNG, CDN WOP, FGH CSV', 1, '2022-10-03 13:06:20', '2022-10-03 13:06:20'),
(101, 'NAVE LOPI HANUI', 'HuOQGLUwiGLPb4KR@gmail.com', 'e807f1fcf82d132f9bb018ca6738a19f', '0489164528', 'ABC XYZ, ABC MNG, CDN WOP, FGH CSV', 1, '2022-10-03 13:06:20', '2022-10-03 13:06:20'),
(102, 'NAVE LOPI HANUI', 'EI8p83aBUecFnXSc@gmail.com', 'e807f1fcf82d132f9bb018ca6738a19f', '0804355013', 'ABC XYZ, ABC MNG, CDN WOP, FGH CSV', 1, '2022-10-03 13:06:20', '2022-10-03 13:06:20'),
(103, 'NAVE LOPI HANUI', 'm7t8ksiCJQgnmIaW@gmail.com', 'e807f1fcf82d132f9bb018ca6738a19f', '0199764131', 'ABC XYZ, ABC MNG, CDN WOP, FGH CSV', 1, '2022-10-03 13:06:20', '2022-10-03 13:06:20'),
(104, 'NAVE LOPI HANUI', 'hzM4kG3PrQt7SOJV@gmail.com', 'e807f1fcf82d132f9bb018ca6738a19f', '0856455818', 'ABC XYZ, ABC MNG, CDN WOP, FGH CSV', 1, '2022-10-03 13:06:20', '2022-10-03 13:06:20'),
(105, 'NAVE LOPI HANUI', 'Cx3XA4yVTxliR6s7@gmail.com', 'e807f1fcf82d132f9bb018ca6738a19f', '0828096935', 'ABC XYZ, ABC MNG, CDN WOP, FGH CSV', 1, '2022-10-03 13:06:20', '2022-10-03 13:06:20'),
(106, 'NAVE LOPI HANUI', 'OGeOxrZkBh55be4A@gmail.com', 'e807f1fcf82d132f9bb018ca6738a19f', '0180760752', 'ABC XYZ, ABC MNG, CDN WOP, FGH CSV', 1, '2022-10-03 13:06:20', '2022-10-03 13:06:20'),
(107, 'NAVE LOPI HANUI', 'HUqMmdLloHGbbbcZ@gmail.com', 'e807f1fcf82d132f9bb018ca6738a19f', '0520109227', 'ABC XYZ, ABC MNG, CDN WOP, FGH CSV', 1, '2022-10-03 13:06:20', '2022-10-03 13:06:20'),
(108, 'NAVE LOPI HANUI', 'jfkQY6ujejJFFoSX@gmail.com', 'e807f1fcf82d132f9bb018ca6738a19f', '0543697779', 'ABC XYZ, ABC MNG, CDN WOP, FGH CSV', 1, '2022-10-03 13:06:20', '2022-10-03 13:06:20'),
(109, 'NAVE LOPI HANUI', 'vxHrbKueYcWzQVZp@gmail.com', 'e807f1fcf82d132f9bb018ca6738a19f', '0447928976', 'ABC XYZ, ABC MNG, CDN WOP, FGH CSV', 1, '2022-10-03 13:06:20', '2022-10-03 13:06:20'),
(110, 'NAVE LOPI HANUI', 'A6wChT1i6GlFOzAa@gmail.com', 'e807f1fcf82d132f9bb018ca6738a19f', '0291304640', 'ABC XYZ, ABC MNG, CDN WOP, FGH CSV', 1, '2022-10-03 13:06:20', '2022-10-03 13:06:20'),
(111, 'NAVE LOPI HANUI', 'Kk7btignQi2ronpD@gmail.com', 'e807f1fcf82d132f9bb018ca6738a19f', '0376499328', 'ABC XYZ, ABC MNG, CDN WOP, FGH CSV', 1, '2022-10-03 13:06:20', '2022-10-03 13:06:20'),
(112, 'NAVE LOPI HANUI', 'fWMYUJaPY1Of6r5K@gmail.com', 'e807f1fcf82d132f9bb018ca6738a19f', '0388065516', 'ABC XYZ, ABC MNG, CDN WOP, FGH CSV', 1, '2022-10-03 13:06:20', '2022-10-03 13:06:20'),
(113, 'NAVE LOPI HANUI', '310ybzwM4i9cujoC@gmail.com', 'e807f1fcf82d132f9bb018ca6738a19f', '0890937020', 'ABC XYZ, ABC MNG, CDN WOP, FGH CSV', 1, '2022-10-03 13:06:20', '2022-10-03 13:06:20'),
(114, 'NAVE LOPI HANUI', '5bKZVv0ewvQKxTlK@gmail.com', 'e807f1fcf82d132f9bb018ca6738a19f', '0774321460', 'ABC XYZ, ABC MNG, CDN WOP, FGH CSV', 1, '2022-10-03 13:06:20', '2022-10-03 13:06:20'),
(115, 'NAVE LOPI HANUI', 'rmV839yIVpx7PH4P@gmail.com', 'e807f1fcf82d132f9bb018ca6738a19f', '0119851262', 'ABC XYZ, ABC MNG, CDN WOP, FGH CSV', 1, '2022-10-03 13:06:20', '2022-10-03 13:06:20'),
(116, 'NAVE LOPI HANUI', 'EulHRoCvDijpzJuT@gmail.com', 'e807f1fcf82d132f9bb018ca6738a19f', '0604293365', 'ABC XYZ, ABC MNG, CDN WOP, FGH CSV', 1, '2022-10-03 13:06:20', '2022-10-03 13:06:20'),
(117, 'NAVE LOPI HANUI', 'bGSLEKNqq7TagoKN@gmail.com', 'e807f1fcf82d132f9bb018ca6738a19f', '0156971152', 'ABC XYZ, ABC MNG, CDN WOP, FGH CSV', 1, '2022-10-03 13:06:20', '2022-10-03 13:06:20'),
(118, 'NAVE LOPI HANUI', 'LBEKPVJlHI4zIv8o@gmail.com', 'e807f1fcf82d132f9bb018ca6738a19f', '0281484541', 'ABC XYZ, ABC MNG, CDN WOP, FGH CSV', 1, '2022-10-03 13:06:20', '2022-10-03 13:06:20'),
(119, 'NAVE LOPI HANUI', 'rqzzBpypTF9l9iwB@gmail.com', 'e807f1fcf82d132f9bb018ca6738a19f', '0731927767', 'ABC XYZ, ABC MNG, CDN WOP, FGH CSV', 1, '2022-10-03 13:06:20', '2022-10-03 13:06:20'),
(120, 'NAVE LOPI HANUI', 'ltqB7lvTSEz3XTZF@gmail.com', 'e807f1fcf82d132f9bb018ca6738a19f', '0957378462', 'ABC XYZ, ABC MNG, CDN WOP, FGH CSV', 1, '2022-10-03 13:06:20', '2022-10-03 13:06:20'),
(121, 'NAVE LOPI HANUI', 'lEf0Y0pxPaN4x1hb@gmail.com', 'e807f1fcf82d132f9bb018ca6738a19f', '0170944988', 'ABC XYZ, ABC MNG, CDN WOP, FGH CSV', 1, '2022-10-03 13:06:20', '2022-10-03 13:06:20'),
(122, 'NAVE LOPI HANUI', 'KUedkobS4kP8fnhC@gmail.com', 'e807f1fcf82d132f9bb018ca6738a19f', '0862649272', 'ABC XYZ, ABC MNG, CDN WOP, FGH CSV', 1, '2022-10-03 13:06:20', '2022-10-03 13:06:20'),
(123, 'NAVE LOPI HANUI', 'Zywbv0rHMMVZtb1t@gmail.com', 'e807f1fcf82d132f9bb018ca6738a19f', '0155924566', 'ABC XYZ, ABC MNG, CDN WOP, FGH CSV', 1, '2022-10-03 13:06:20', '2022-10-03 13:06:20'),
(124, 'NAVE LOPI HANUI', 'K6lDLJZXHQr1hQZh@gmail.com', 'e807f1fcf82d132f9bb018ca6738a19f', '0496180287', 'ABC XYZ, ABC MNG, CDN WOP, FGH CSV', 1, '2022-10-03 13:06:20', '2022-10-03 13:06:20'),
(125, 'NAVE LOPI HANUI', 'ZgwCyxxEEfZvjeBP@gmail.com', 'e807f1fcf82d132f9bb018ca6738a19f', '0273727572', 'ABC XYZ, ABC MNG, CDN WOP, FGH CSV', 1, '2022-10-03 13:06:20', '2022-10-03 13:06:20'),
(126, 'NAVE LOPI HANUI', '6jMoNTHhRPk55m2z@gmail.com', 'e807f1fcf82d132f9bb018ca6738a19f', '0555765695', 'ABC XYZ, ABC MNG, CDN WOP, FGH CSV', 1, '2022-10-03 13:06:20', '2022-10-03 13:06:20'),
(127, 'NAVE LOPI HANUI', 'fcBb29pqjcFJb094@gmail.com', 'e807f1fcf82d132f9bb018ca6738a19f', '0733539104', 'ABC XYZ, ABC MNG, CDN WOP, FGH CSV', 1, '2022-10-03 13:06:20', '2022-10-03 13:06:20'),
(128, 'NAVE LOPI HANUI', 'c5vPlzgUElU3qkBe@gmail.com', 'e807f1fcf82d132f9bb018ca6738a19f', '0709478220', 'ABC XYZ, ABC MNG, CDN WOP, FGH CSV', 1, '2022-10-03 13:06:20', '2022-10-03 13:06:20'),
(129, 'NAVE LOPI HANUI', 'r3TOQp7M5KS9PrXf@gmail.com', 'e807f1fcf82d132f9bb018ca6738a19f', '0743038821', 'ABC XYZ, ABC MNG, CDN WOP, FGH CSV', 1, '2022-10-03 13:06:20', '2022-10-03 13:06:20'),
(130, 'NAVE LOPI HANUI', 'hcmAydO5ONtsOnmC@gmail.com', 'e807f1fcf82d132f9bb018ca6738a19f', '0469673979', 'ABC XYZ, ABC MNG, CDN WOP, FGH CSV', 1, '2022-10-03 13:06:20', '2022-10-03 13:06:20'),
(131, 'NAVE LOPI HANUI', 'E2hkamIDVBIdyRJL@gmail.com', 'e807f1fcf82d132f9bb018ca6738a19f', '0964440836', 'ABC XYZ, ABC MNG, CDN WOP, FGH CSV', 1, '2022-10-03 13:06:20', '2022-10-03 13:06:20'),
(132, 'NAVE LOPI HANUI', 'UWftCAyI5DNfpazl@gmail.com', 'e807f1fcf82d132f9bb018ca6738a19f', '0380195265', 'ABC XYZ, ABC MNG, CDN WOP, FGH CSV', 1, '2022-10-03 13:06:20', '2022-10-03 13:06:20'),
(133, 'NAVE LOPI HANUI', 'zTrE1Fz52muyk3tY@gmail.com', 'e807f1fcf82d132f9bb018ca6738a19f', '0101822590', 'ABC XYZ, ABC MNG, CDN WOP, FGH CSV', 1, '2022-10-03 13:06:20', '2022-10-03 13:06:20'),
(134, 'NAVE LOPI HANUI', 'eX7yusvoKykfkuvT@gmail.com', 'e807f1fcf82d132f9bb018ca6738a19f', '0586679687', 'ABC XYZ, ABC MNG, CDN WOP, FGH CSV', 1, '2022-10-03 13:06:20', '2022-10-03 13:06:20'),
(135, 'NAVE LOPI HANUI', 'tMiHsBopuJExrr8t@gmail.com', 'e807f1fcf82d132f9bb018ca6738a19f', '0386963096', 'ABC XYZ, ABC MNG, CDN WOP, FGH CSV', 1, '2022-10-03 13:06:20', '2022-10-03 13:06:20'),
(136, 'NAVE LOPI HANUI', 'Mpdv6yt8DDVQTIty@gmail.com', 'e807f1fcf82d132f9bb018ca6738a19f', '0010169135', 'ABC XYZ, ABC MNG, CDN WOP, FGH CSV', 1, '2022-10-03 13:06:20', '2022-10-03 13:06:20'),
(137, 'NAVE LOPI HANUI', 'BYuZs9BrnTbbjB7K@gmail.com', 'e807f1fcf82d132f9bb018ca6738a19f', '0706603319', 'ABC XYZ, ABC MNG, CDN WOP, FGH CSV', 1, '2022-10-03 13:06:20', '2022-10-03 13:06:20'),
(138, 'NAVE LOPI HANUI', 'nmbvl8JV3gfFr7vn@gmail.com', 'e807f1fcf82d132f9bb018ca6738a19f', '0644652813', 'ABC XYZ, ABC MNG, CDN WOP, FGH CSV', 1, '2022-10-03 13:06:20', '2022-10-03 13:06:20'),
(139, 'NAVE LOPI HANUI', '56YHHlxTJOnzjLf3@gmail.com', 'e807f1fcf82d132f9bb018ca6738a19f', '0420068211', 'ABC XYZ, ABC MNG, CDN WOP, FGH CSV', 1, '2022-10-03 13:06:20', '2022-10-03 13:06:20'),
(140, 'NAVE LOPI HANUI', 'Ar2lgSzr5B9mHf09@gmail.com', 'e807f1fcf82d132f9bb018ca6738a19f', '0542411569', 'ABC XYZ, ABC MNG, CDN WOP, FGH CSV', 1, '2022-10-03 13:06:20', '2022-10-03 13:06:20'),
(141, 'NAVE LOPI HANUI', 'maA51PE5TJ7MkJHn@gmail.com', 'e807f1fcf82d132f9bb018ca6738a19f', '0991026371', 'ABC XYZ, ABC MNG, CDN WOP, FGH CSV', 1, '2022-10-03 13:06:20', '2022-10-03 13:06:20'),
(142, 'NAVE LOPI HANUI', 'FiOscYZ6G8I9rIxU@gmail.com', 'e807f1fcf82d132f9bb018ca6738a19f', '0752510857', 'ABC XYZ, ABC MNG, CDN WOP, FGH CSV', 1, '2022-10-03 13:06:21', '2022-10-03 13:06:21'),
(143, 'NAVE LOPI HANUI', 'PYLotqVYv1FqYK9i@gmail.com', 'e807f1fcf82d132f9bb018ca6738a19f', '0391419443', 'ABC XYZ, ABC MNG, CDN WOP, FGH CSV', 1, '2022-10-03 13:06:21', '2022-10-03 13:06:21'),
(144, 'NAVE LOPI HANUI', 'LZ6RyflIvKCz7r25@gmail.com', 'e807f1fcf82d132f9bb018ca6738a19f', '0394656494', 'ABC XYZ, ABC MNG, CDN WOP, FGH CSV', 1, '2022-10-03 13:06:21', '2022-10-03 13:06:21'),
(145, 'NAVE LOPI HANUI', 'S2OwIryGdYGoJmHd@gmail.com', 'e807f1fcf82d132f9bb018ca6738a19f', '0137233963', 'ABC XYZ, ABC MNG, CDN WOP, FGH CSV', 1, '2022-10-03 13:06:21', '2022-10-03 13:06:21'),
(146, 'NAVE LOPI HANUI', 'Q0I7ANLAi9AN3Jbn@gmail.com', 'e807f1fcf82d132f9bb018ca6738a19f', '0731250123', 'ABC XYZ, ABC MNG, CDN WOP, FGH CSV', 1, '2022-10-03 13:06:21', '2022-10-03 13:06:21'),
(147, 'NAVE LOPI HANUI', 'NPTHagK2hHL7XtJL@gmail.com', 'e807f1fcf82d132f9bb018ca6738a19f', '0920696505', 'ABC XYZ, ABC MNG, CDN WOP, FGH CSV', 1, '2022-10-03 13:06:21', '2022-10-03 13:06:21'),
(148, 'NAVE LOPI HANUI', 'vk8PYLAdtbaJjZ6y@gmail.com', 'e807f1fcf82d132f9bb018ca6738a19f', '0619008025', 'ABC XYZ, ABC MNG, CDN WOP, FGH CSV', 1, '2022-10-03 13:06:21', '2022-10-03 13:06:21'),
(149, 'NAVE LOPI HANUI', 'HKNV88ogMdXyNBP8@gmail.com', 'e807f1fcf82d132f9bb018ca6738a19f', '0128658073', 'ABC XYZ, ABC MNG, CDN WOP, FGH CSV', 1, '2022-10-03 13:06:21', '2022-10-03 13:06:21'),
(150, 'NAVE LOPI HANUI', 'kvtSajbCLRml9shw@gmail.com', 'e807f1fcf82d132f9bb018ca6738a19f', '0571668823', 'ABC XYZ, ABC MNG, CDN WOP, FGH CSV', 1, '2022-10-03 13:06:21', '2022-10-03 13:06:21'),
(151, 'NAVE LOPI HANUI', 'F2AogcDukCaqVz0r@gmail.com', 'e807f1fcf82d132f9bb018ca6738a19f', '0689113617', 'ABC XYZ, ABC MNG, CDN WOP, FGH CSV', 1, '2022-10-03 13:06:21', '2022-10-03 13:06:21'),
(152, 'NAVE LOPI HANUI', 'qfNgpPA6SnVeX4kE@gmail.com', 'e807f1fcf82d132f9bb018ca6738a19f', '0118748766', 'ABC XYZ, ABC MNG, CDN WOP, FGH CSV', 1, '2022-10-03 13:06:21', '2022-10-03 13:06:21'),
(153, 'NAVE LOPI HANUI', 'YluuIwiBwipWK9Kf@gmail.com', 'e807f1fcf82d132f9bb018ca6738a19f', '0556163412', 'ABC XYZ, ABC MNG, CDN WOP, FGH CSV', 1, '2022-10-03 13:06:21', '2022-10-03 13:06:21'),
(154, 'NAVE LOPI HANUI', 'PXa73mEva0DKyQOw@gmail.com', 'e807f1fcf82d132f9bb018ca6738a19f', '0047235310', 'ABC XYZ, ABC MNG, CDN WOP, FGH CSV', 1, '2022-10-03 13:06:21', '2022-10-03 13:06:21'),
(155, 'NAVE LOPI HANUI', '9h5VfdCl8CCEgoQc@gmail.com', 'e807f1fcf82d132f9bb018ca6738a19f', '0331863910', 'ABC XYZ, ABC MNG, CDN WOP, FGH CSV', 1, '2022-10-03 13:06:21', '2022-10-03 13:06:21'),
(156, 'NAVE LOPI HANUI', 'zgxujpAPNhehdNBa@gmail.com', 'e807f1fcf82d132f9bb018ca6738a19f', '0996310619', 'ABC XYZ, ABC MNG, CDN WOP, FGH CSV', 1, '2022-10-03 13:06:21', '2022-10-03 13:06:21'),
(157, 'NAVE LOPI HANUI', 'hehbuqGDiykT4X1u@gmail.com', 'e807f1fcf82d132f9bb018ca6738a19f', '0320671898', 'ABC XYZ, ABC MNG, CDN WOP, FGH CSV', 1, '2022-10-03 13:06:21', '2022-10-03 13:06:21'),
(158, 'NAVE LOPI HANUI', 'WXhp7Dt76CQNHqBX@gmail.com', 'e807f1fcf82d132f9bb018ca6738a19f', '0039100352', 'ABC XYZ, ABC MNG, CDN WOP, FGH CSV', 1, '2022-10-03 13:06:21', '2022-10-03 13:06:21'),
(159, 'NAVE LOPI HANUI', 'wR4ftPdM4LMwzxY6@gmail.com', 'e807f1fcf82d132f9bb018ca6738a19f', '0361455301', 'ABC XYZ, ABC MNG, CDN WOP, FGH CSV', 1, '2022-10-03 13:06:21', '2022-10-03 13:06:21'),
(160, 'NAVE LOPI HANUI', 'AzDEhuqAwLSBRqx5@gmail.com', 'e807f1fcf82d132f9bb018ca6738a19f', '0083977686', 'ABC XYZ, ABC MNG, CDN WOP, FGH CSV', 1, '2022-10-03 13:06:21', '2022-10-03 13:06:21'),
(161, 'NAVE LOPI HANUI', 'hmsleSpaAdc4kCXG@gmail.com', 'e807f1fcf82d132f9bb018ca6738a19f', '0952161511', 'ABC XYZ, ABC MNG, CDN WOP, FGH CSV', 1, '2022-10-03 13:06:21', '2022-10-03 13:06:21'),
(162, 'NAVE LOPI HANUI', 'Cs01QusQuQQt0bn4@gmail.com', 'e807f1fcf82d132f9bb018ca6738a19f', '0227758914', 'ABC XYZ, ABC MNG, CDN WOP, FGH CSV', 1, '2022-10-03 13:06:21', '2022-10-03 13:06:21'),
(163, 'NAVE LOPI HANUI', 'V2FIb1KDP9ysjDlM@gmail.com', 'e807f1fcf82d132f9bb018ca6738a19f', '0821614695', 'ABC XYZ, ABC MNG, CDN WOP, FGH CSV', 1, '2022-10-03 13:06:21', '2022-10-03 13:06:21'),
(164, 'NAVE LOPI HANUI', '3AfDGo0hYoUvjqH6@gmail.com', 'e807f1fcf82d132f9bb018ca6738a19f', '0400798267', 'ABC XYZ, ABC MNG, CDN WOP, FGH CSV', 1, '2022-10-03 13:06:21', '2022-10-03 13:06:21'),
(165, 'NAVE LOPI HANUI', 'oWa5mhGrK7tD9CTR@gmail.com', 'e807f1fcf82d132f9bb018ca6738a19f', '0940264893', 'ABC XYZ, ABC MNG, CDN WOP, FGH CSV', 1, '2022-10-03 13:06:21', '2022-10-03 13:06:21'),
(166, 'NAVE LOPI HANUI', 'y6JxRKwNDtuwzfiF@gmail.com', 'e807f1fcf82d132f9bb018ca6738a19f', '0476894258', 'ABC XYZ, ABC MNG, CDN WOP, FGH CSV', 1, '2022-10-03 13:06:21', '2022-10-03 13:06:21'),
(167, 'NAVE LOPI HANUI', 'fB7tm5eiQSuPl7qa@gmail.com', 'e807f1fcf82d132f9bb018ca6738a19f', '0407082122', 'ABC XYZ, ABC MNG, CDN WOP, FGH CSV', 1, '2022-10-03 13:06:21', '2022-10-03 13:06:21'),
(168, 'NAVE LOPI HANUI', '2xwX8K8kOSUKAyO3@gmail.com', 'e807f1fcf82d132f9bb018ca6738a19f', '0677437011', 'ABC XYZ, ABC MNG, CDN WOP, FGH CSV', 1, '2022-10-03 13:06:21', '2022-10-03 13:06:21'),
(169, 'NAVE LOPI HANUI', '38o3CqLN4UprvWtF@gmail.com', 'e807f1fcf82d132f9bb018ca6738a19f', '0223667370', 'ABC XYZ, ABC MNG, CDN WOP, FGH CSV', 1, '2022-10-03 13:06:21', '2022-10-03 13:06:21'),
(170, 'NAVE LOPI HANUI', 'iIjamYk3YHT1hIVx@gmail.com', 'e807f1fcf82d132f9bb018ca6738a19f', '0263948011', 'ABC XYZ, ABC MNG, CDN WOP, FGH CSV', 1, '2022-10-03 13:06:21', '2022-10-03 13:06:21'),
(171, 'NAVE LOPI HANUI', 'KCfyrha4vmfmuaKl@gmail.com', 'e807f1fcf82d132f9bb018ca6738a19f', '0997549702', 'ABC XYZ, ABC MNG, CDN WOP, FGH CSV', 1, '2022-10-03 13:06:21', '2022-10-03 13:06:21'),
(172, 'NAVE LOPI HANUI', 'ApRubmsP8xHuwblF@gmail.com', 'e807f1fcf82d132f9bb018ca6738a19f', '0379145120', 'ABC XYZ, ABC MNG, CDN WOP, FGH CSV', 1, '2022-10-03 13:06:21', '2022-10-03 13:06:21'),
(173, 'NAVE LOPI HANUI', 'rzAZjsPwiTUn33D6@gmail.com', 'e807f1fcf82d132f9bb018ca6738a19f', '0331937240', 'ABC XYZ, ABC MNG, CDN WOP, FGH CSV', 1, '2022-10-03 13:06:21', '2022-10-03 13:06:21'),
(174, 'NAVE LOPI HANUI', 'YQsDovNQPgLiaYMU@gmail.com', 'e807f1fcf82d132f9bb018ca6738a19f', '0307002669', 'ABC XYZ, ABC MNG, CDN WOP, FGH CSV', 1, '2022-10-03 13:06:21', '2022-10-03 13:06:21'),
(175, 'NAVE LOPI HANUI', '8eikZPP8mva1rUL4@gmail.com', 'e807f1fcf82d132f9bb018ca6738a19f', '0660636404', 'ABC XYZ, ABC MNG, CDN WOP, FGH CSV', 1, '2022-10-03 13:06:21', '2022-10-03 13:06:21'),
(176, 'NAVE LOPI HANUI', 'xota7ibFcgROjaEf@gmail.com', 'e807f1fcf82d132f9bb018ca6738a19f', '0617680564', 'ABC XYZ, ABC MNG, CDN WOP, FGH CSV', 1, '2022-10-03 13:06:21', '2022-10-03 13:06:21'),
(177, 'NAVE LOPI HANUI', '82DKpX9IwV0mGbbu@gmail.com', 'e807f1fcf82d132f9bb018ca6738a19f', '0263838759', 'ABC XYZ, ABC MNG, CDN WOP, FGH CSV', 1, '2022-10-03 13:06:21', '2022-10-03 13:06:21'),
(178, 'NAVE LOPI HANUI', 'oLxx5bVAsrGOSe1d@gmail.com', 'e807f1fcf82d132f9bb018ca6738a19f', '0420448781', 'ABC XYZ, ABC MNG, CDN WOP, FGH CSV', 1, '2022-10-03 13:06:21', '2022-10-03 13:06:21'),
(179, 'NAVE LOPI HANUI', 'G9sdYCmx8KMjXowU@gmail.com', 'e807f1fcf82d132f9bb018ca6738a19f', '0152942063', 'ABC XYZ, ABC MNG, CDN WOP, FGH CSV', 1, '2022-10-03 13:06:21', '2022-10-03 13:06:21'),
(180, 'NAVE LOPI HANUI', '9ESK0tbGw1OAG8LK@gmail.com', 'e807f1fcf82d132f9bb018ca6738a19f', '0229498607', 'ABC XYZ, ABC MNG, CDN WOP, FGH CSV', 1, '2022-10-03 13:06:21', '2022-10-03 13:06:21'),
(181, 'NAVE LOPI HANUI', 'jP6LgTNsHkoIuXAe@gmail.com', 'e807f1fcf82d132f9bb018ca6738a19f', '0937175643', 'ABC XYZ, ABC MNG, CDN WOP, FGH CSV', 1, '2022-10-03 13:06:21', '2022-10-03 13:06:21'),
(182, 'NAVE LOPI HANUI', 'ld9aaUA2HSSODA0B@gmail.com', 'e807f1fcf82d132f9bb018ca6738a19f', '0745558347', 'ABC XYZ, ABC MNG, CDN WOP, FGH CSV', 1, '2022-10-03 13:06:21', '2022-10-03 13:06:21'),
(183, 'NAVE LOPI HANUI', 'ekPTgawAWvaAbjT7@gmail.com', 'e807f1fcf82d132f9bb018ca6738a19f', '0115802021', 'ABC XYZ, ABC MNG, CDN WOP, FGH CSV', 1, '2022-10-03 13:06:21', '2022-10-03 13:06:21'),
(184, 'NAVE LOPI HANUI', 'Jc0pXGI6wQhinNXg@gmail.com', 'e807f1fcf82d132f9bb018ca6738a19f', '0128498132', 'ABC XYZ, ABC MNG, CDN WOP, FGH CSV', 1, '2022-10-03 13:06:21', '2022-10-03 13:06:21'),
(185, 'NAVE LOPI HANUI', 'IsCru99yZO1RllbR@gmail.com', 'e807f1fcf82d132f9bb018ca6738a19f', '0102168514', 'ABC XYZ, ABC MNG, CDN WOP, FGH CSV', 1, '2022-10-03 13:06:21', '2022-10-03 13:06:21'),
(186, 'NAVE LOPI HANUI', '0eSqSuWbdUJFPvhw@gmail.com', 'e807f1fcf82d132f9bb018ca6738a19f', '0703507351', 'ABC XYZ, ABC MNG, CDN WOP, FGH CSV', 1, '2022-10-03 13:06:21', '2022-10-03 13:06:21'),
(187, 'NAVE LOPI HANUI', '7s8LK2DE96wCl47a@gmail.com', 'e807f1fcf82d132f9bb018ca6738a19f', '0677270090', 'ABC XYZ, ABC MNG, CDN WOP, FGH CSV', 1, '2022-10-03 13:06:21', '2022-10-03 13:06:21'),
(188, 'NAVE LOPI HANUI', 'Upv0bdh1ilfLzIoT@gmail.com', 'e807f1fcf82d132f9bb018ca6738a19f', '0294170533', 'ABC XYZ, ABC MNG, CDN WOP, FGH CSV', 1, '2022-10-03 13:06:21', '2022-10-03 13:06:21'),
(189, 'NAVE LOPI HANUI', 't4tzP4PWxw371mM2@gmail.com', 'e807f1fcf82d132f9bb018ca6738a19f', '0645201000', 'ABC XYZ, ABC MNG, CDN WOP, FGH CSV', 1, '2022-10-03 13:06:22', '2022-10-03 13:06:22'),
(190, 'NAVE LOPI HANUI', 'w9QDCO449kRwXLgJ@gmail.com', 'e807f1fcf82d132f9bb018ca6738a19f', '0084938741', 'ABC XYZ, ABC MNG, CDN WOP, FGH CSV', 1, '2022-10-03 13:06:22', '2022-10-03 13:06:22'),
(191, 'NAVE LOPI HANUI', 'lmZqNykPD5i3M7p6@gmail.com', 'e807f1fcf82d132f9bb018ca6738a19f', '0614428119', 'ABC XYZ, ABC MNG, CDN WOP, FGH CSV', 1, '2022-10-03 13:06:22', '2022-10-03 13:06:22'),
(192, 'NAVE LOPI HANUI', '6RzzVrTLertY2w2s@gmail.com', 'e807f1fcf82d132f9bb018ca6738a19f', '0412987610', 'ABC XYZ, ABC MNG, CDN WOP, FGH CSV', 1, '2022-10-03 13:06:22', '2022-10-03 13:06:22'),
(193, 'NAVE LOPI HANUI', '9t1wZszpE3IQMqnM@gmail.com', 'e807f1fcf82d132f9bb018ca6738a19f', '0884281939', 'ABC XYZ, ABC MNG, CDN WOP, FGH CSV', 1, '2022-10-03 13:06:22', '2022-10-03 13:06:22'),
(194, 'NAVE LOPI HANUI', 'kSp51cc8jBxallu6@gmail.com', 'e807f1fcf82d132f9bb018ca6738a19f', '0939687807', 'ABC XYZ, ABC MNG, CDN WOP, FGH CSV', 1, '2022-10-03 13:06:22', '2022-10-03 13:06:22'),
(195, 'NAVE LOPI HANUI', 's90Pl35ncogLxTX8@gmail.com', 'e807f1fcf82d132f9bb018ca6738a19f', '0879421345', 'ABC XYZ, ABC MNG, CDN WOP, FGH CSV', 1, '2022-10-03 13:06:22', '2022-10-03 13:06:22'),
(196, 'NAVE LOPI HANUI', 'oYwv2fR9bBQujZKH@gmail.com', 'e807f1fcf82d132f9bb018ca6738a19f', '0934330335', 'ABC XYZ, ABC MNG, CDN WOP, FGH CSV', 1, '2022-10-03 13:06:22', '2022-10-03 13:06:22'),
(197, 'NAVE LOPI HANUI', 'ofnysiXv9HBgIVsB@gmail.com', 'e807f1fcf82d132f9bb018ca6738a19f', '0273109389', 'ABC XYZ, ABC MNG, CDN WOP, FGH CSV', 1, '2022-10-03 13:06:22', '2022-10-03 13:06:22'),
(198, 'NAVE LOPI HANUI', 'xAGA3BeqZgrPxhx4@gmail.com', 'e807f1fcf82d132f9bb018ca6738a19f', '0427897031', 'ABC XYZ, ABC MNG, CDN WOP, FGH CSV', 1, '2022-10-03 13:06:22', '2022-10-03 13:06:22'),
(199, 'NAVE LOPI HANUI', 'fPwvkzGILMN2JrHG@gmail.com', 'e807f1fcf82d132f9bb018ca6738a19f', '0966649640', 'ABC XYZ, ABC MNG, CDN WOP, FGH CSV', 1, '2022-10-03 13:06:22', '2022-10-03 13:06:22'),
(200, 'NAVE LOPI HANUI', 'Csd5BwLibN4oR8XB@gmail.com', 'e807f1fcf82d132f9bb018ca6738a19f', '0687596799', 'ABC XYZ, ABC MNG, CDN WOP, FGH CSV', 1, '2022-10-03 13:06:22', '2022-10-03 13:06:22'),
(201, 'NAVE LOPI HANUI', 'I4I0dwqUIq9JHxOe@gmail.com', 'e807f1fcf82d132f9bb018ca6738a19f', '0692735108', 'ABC XYZ, ABC MNG, CDN WOP, FGH CSV', 1, '2022-10-03 13:06:22', '2022-10-03 13:06:22'),
(202, 'NAVE LOPI HANUI', 'j7d4f3EjogLsx8YU@gmail.com', 'e807f1fcf82d132f9bb018ca6738a19f', '0068643213', 'ABC XYZ, ABC MNG, CDN WOP, FGH CSV', 1, '2022-10-03 13:06:22', '2022-10-03 13:06:22'),
(203, 'NAVE LOPI HANUI', '20FFe3oXIfElytWW@gmail.com', 'e807f1fcf82d132f9bb018ca6738a19f', '0084195776', 'ABC XYZ, ABC MNG, CDN WOP, FGH CSV', 1, '2022-10-03 13:06:22', '2022-10-03 13:06:22'),
(204, 'NAVE LOPI HANUI', 'IyfEBO67UXzKD4Ao@gmail.com', 'e807f1fcf82d132f9bb018ca6738a19f', '0960195506', 'ABC XYZ, ABC MNG, CDN WOP, FGH CSV', 1, '2022-10-03 13:06:22', '2022-10-03 13:06:22'),
(205, 'NAVE LOPI HANUI', 'megsHABL72qbqYcY@gmail.com', 'e807f1fcf82d132f9bb018ca6738a19f', '0220554854', 'ABC XYZ, ABC MNG, CDN WOP, FGH CSV', 1, '2022-10-03 13:06:22', '2022-10-03 13:06:22'),
(206, 'NAVE LOPI HANUI', '9f9Qj1PTNbnOGBDK@gmail.com', 'e807f1fcf82d132f9bb018ca6738a19f', '0017602209', 'ABC XYZ, ABC MNG, CDN WOP, FGH CSV', 1, '2022-10-03 13:06:22', '2022-10-03 13:06:22'),
(207, 'NAVE LOPI HANUI', 'vKTpdeGvDw28FdDI@gmail.com', 'e807f1fcf82d132f9bb018ca6738a19f', '0756702727', 'ABC XYZ, ABC MNG, CDN WOP, FGH CSV', 1, '2022-10-03 13:06:22', '2022-10-03 13:06:22'),
(208, 'NAVE LOPI HANUI', 'Vo0h61JtjFyOybJC@gmail.com', 'e807f1fcf82d132f9bb018ca6738a19f', '0057645677', 'ABC XYZ, ABC MNG, CDN WOP, FGH CSV', 1, '2022-10-03 13:06:22', '2022-10-03 13:06:22'),
(209, 'NAVE LOPI HANUI', 'lc0D9XNIqdoVVmGX@gmail.com', 'e807f1fcf82d132f9bb018ca6738a19f', '0415831453', 'ABC XYZ, ABC MNG, CDN WOP, FGH CSV', 1, '2022-10-03 13:06:22', '2022-10-03 13:06:22'),
(210, 'NAVE LOPI HANUI', '7kuzYEsKScAnzX4j@gmail.com', 'e807f1fcf82d132f9bb018ca6738a19f', '0300183419', 'ABC XYZ, ABC MNG, CDN WOP, FGH CSV', 1, '2022-10-03 13:06:22', '2022-10-03 13:06:22'),
(211, 'NAVE LOPI HANUI', 'qFwbTgawQP3S4SNx@gmail.com', 'e807f1fcf82d132f9bb018ca6738a19f', '0310463310', 'ABC XYZ, ABC MNG, CDN WOP, FGH CSV', 1, '2022-10-03 13:06:22', '2022-10-03 13:06:22'),
(212, 'NAVE LOPI HANUI', 'gcu6GwS5ifGr9Bgp@gmail.com', 'e807f1fcf82d132f9bb018ca6738a19f', '0938911623', 'ABC XYZ, ABC MNG, CDN WOP, FGH CSV', 1, '2022-10-03 13:06:22', '2022-10-03 13:06:22'),
(213, 'NAVE LOPI HANUI', 'MOLopUJLltRdLTPw@gmail.com', 'e807f1fcf82d132f9bb018ca6738a19f', '0124964085', 'ABC XYZ, ABC MNG, CDN WOP, FGH CSV', 1, '2022-10-03 13:06:22', '2022-10-03 13:06:22'),
(214, 'NAVE LOPI HANUI', 'qTbqrJWcJSzS85y0@gmail.com', 'e807f1fcf82d132f9bb018ca6738a19f', '0121555576', 'ABC XYZ, ABC MNG, CDN WOP, FGH CSV', 1, '2022-10-03 13:06:22', '2022-10-03 13:06:22'),
(215, 'NAVE LOPI HANUI', 'nKHfPwEnrCGP8m4h@gmail.com', 'e807f1fcf82d132f9bb018ca6738a19f', '0349365604', 'ABC XYZ, ABC MNG, CDN WOP, FGH CSV', 1, '2022-10-03 13:06:22', '2022-10-03 13:06:22'),
(216, 'NAVE LOPI HANUI', 'Atb1Bzk7UxLMZNpA@gmail.com', 'e807f1fcf82d132f9bb018ca6738a19f', '0589328725', 'ABC XYZ, ABC MNG, CDN WOP, FGH CSV', 1, '2022-10-03 13:06:22', '2022-10-03 13:06:22'),
(217, 'NAVE LOPI HANUI', 'Y3n0Yyn8OXtY1vGl@gmail.com', 'e807f1fcf82d132f9bb018ca6738a19f', '0795695441', 'ABC XYZ, ABC MNG, CDN WOP, FGH CSV', 1, '2022-10-03 13:06:22', '2022-10-03 13:06:22'),
(218, 'NAVE LOPI HANUI', 'ArZFljZYRNeiQ3vu@gmail.com', 'e807f1fcf82d132f9bb018ca6738a19f', '0439449698', 'ABC XYZ, ABC MNG, CDN WOP, FGH CSV', 1, '2022-10-03 13:06:22', '2022-10-03 13:06:22'),
(219, 'NAVE LOPI HANUI', 'IBAgJ14JstkrLUge@gmail.com', 'e807f1fcf82d132f9bb018ca6738a19f', '0720447851', 'ABC XYZ, ABC MNG, CDN WOP, FGH CSV', 1, '2022-10-03 13:06:22', '2022-10-03 13:06:22'),
(220, 'NAVE LOPI HANUI', '5IazzK8kFxRn31hZ@gmail.com', 'e807f1fcf82d132f9bb018ca6738a19f', '0379397855', 'ABC XYZ, ABC MNG, CDN WOP, FGH CSV', 1, '2022-10-03 13:06:22', '2022-10-03 13:06:22'),
(221, 'NAVE LOPI HANUI', 'zLUiLlpDycLPFGsT@gmail.com', 'e807f1fcf82d132f9bb018ca6738a19f', '0977787752', 'ABC XYZ, ABC MNG, CDN WOP, FGH CSV', 1, '2022-10-03 13:06:22', '2022-10-03 13:06:22'),
(222, 'NAVE LOPI HANUI', 'BcoGA9LrEpzCEjzw@gmail.com', 'e807f1fcf82d132f9bb018ca6738a19f', '0877322426', 'ABC XYZ, ABC MNG, CDN WOP, FGH CSV', 1, '2022-10-03 13:06:22', '2022-10-03 13:06:22'),
(223, 'NAVE LOPI HANUI', 'U8EzDGdCzCGJByoV@gmail.com', 'e807f1fcf82d132f9bb018ca6738a19f', '0595246151', 'ABC XYZ, ABC MNG, CDN WOP, FGH CSV', 1, '2022-10-03 13:06:22', '2022-10-03 13:06:22'),
(224, 'NAVE LOPI HANUI', '0TEFgAVrSHuQG0rh@gmail.com', 'e807f1fcf82d132f9bb018ca6738a19f', '0096634138', 'ABC XYZ, ABC MNG, CDN WOP, FGH CSV', 1, '2022-10-03 13:06:22', '2022-10-03 13:06:22'),
(225, 'NAVE LOPI HANUI', 'gSH8qhhQnU4e4JLr@gmail.com', 'e807f1fcf82d132f9bb018ca6738a19f', '0919857431', 'ABC XYZ, ABC MNG, CDN WOP, FGH CSV', 1, '2022-10-03 13:06:22', '2022-10-03 13:06:22'),
(226, 'NAVE LOPI HANUI', 'xsVlEWdfyle5eUo0@gmail.com', 'e807f1fcf82d132f9bb018ca6738a19f', '0080819183', 'ABC XYZ, ABC MNG, CDN WOP, FGH CSV', 1, '2022-10-03 13:06:22', '2022-10-03 13:06:22'),
(227, 'NAVE LOPI HANUI', 'blnXjGBIKxdyAZyb@gmail.com', 'e807f1fcf82d132f9bb018ca6738a19f', '0824528874', 'ABC XYZ, ABC MNG, CDN WOP, FGH CSV', 1, '2022-10-03 13:06:22', '2022-10-03 13:06:22'),
(228, 'NAVE LOPI HANUI', 'zbBR1rgxAX5cqAxv@gmail.com', 'e807f1fcf82d132f9bb018ca6738a19f', '0796396763', 'ABC XYZ, ABC MNG, CDN WOP, FGH CSV', 1, '2022-10-03 13:06:22', '2022-10-03 13:06:22'),
(229, 'NAVE LOPI HANUI', 'tAowsuI1J0blMVn8@gmail.com', 'e807f1fcf82d132f9bb018ca6738a19f', '0714153980', 'ABC XYZ, ABC MNG, CDN WOP, FGH CSV', 1, '2022-10-03 13:06:22', '2022-10-03 13:06:22'),
(230, 'NAVE LOPI HANUI', 'gpjnSy1fafV7FWt7@gmail.com', 'e807f1fcf82d132f9bb018ca6738a19f', '0881858416', 'ABC XYZ, ABC MNG, CDN WOP, FGH CSV', 1, '2022-10-03 13:06:22', '2022-10-03 13:06:22'),
(231, 'NAVE LOPI HANUI', 'xXdH3A7e80uKAZ66@gmail.com', 'e807f1fcf82d132f9bb018ca6738a19f', '0417723437', 'ABC XYZ, ABC MNG, CDN WOP, FGH CSV', 1, '2022-10-03 13:06:22', '2022-10-03 13:06:22'),
(232, 'NAVE LOPI HANUI', 'FiEkSzyYfdyjt0QO@gmail.com', 'e807f1fcf82d132f9bb018ca6738a19f', '0456047206', 'ABC XYZ, ABC MNG, CDN WOP, FGH CSV', 1, '2022-10-03 13:06:22', '2022-10-03 13:06:22'),
(233, 'NAVE LOPI HANUI', 'ziFaTlnmBstiKKh1@gmail.com', 'e807f1fcf82d132f9bb018ca6738a19f', '0959200169', 'ABC XYZ, ABC MNG, CDN WOP, FGH CSV', 1, '2022-10-03 13:06:22', '2022-10-03 13:06:22'),
(234, 'NAVE LOPI HANUI', 'pwnl7SQ7aDVw8D12@gmail.com', 'e807f1fcf82d132f9bb018ca6738a19f', '0245838770', 'ABC XYZ, ABC MNG, CDN WOP, FGH CSV', 1, '2022-10-03 13:06:22', '2022-10-03 13:06:22'),
(235, 'NAVE LOPI HANUI', 'mWAHSaCft243ZQ8d@gmail.com', 'e807f1fcf82d132f9bb018ca6738a19f', '0389853548', 'ABC XYZ, ABC MNG, CDN WOP, FGH CSV', 1, '2022-10-03 13:06:22', '2022-10-03 13:06:22'),
(236, 'NAVE LOPI HANUI', 'pnDzC5BU5mxA63e7@gmail.com', 'e807f1fcf82d132f9bb018ca6738a19f', '0803228597', 'ABC XYZ, ABC MNG, CDN WOP, FGH CSV', 1, '2022-10-03 13:06:22', '2022-10-03 13:06:22'),
(237, 'NAVE LOPI HANUI', 'Gyg3jEJRuxg6Nvkf@gmail.com', 'e807f1fcf82d132f9bb018ca6738a19f', '0373797751', 'ABC XYZ, ABC MNG, CDN WOP, FGH CSV', 1, '2022-10-03 13:06:22', '2022-10-03 13:06:22'),
(238, 'NAVE LOPI HANUI', 'o7HcuX6YFZCOYIOu@gmail.com', 'e807f1fcf82d132f9bb018ca6738a19f', '0193505406', 'ABC XYZ, ABC MNG, CDN WOP, FGH CSV', 1, '2022-10-03 13:06:22', '2022-10-03 13:06:22'),
(239, 'NAVE LOPI HANUI', 'MNJ6Rc2RCbNPU7Gj@gmail.com', 'e807f1fcf82d132f9bb018ca6738a19f', '0483557902', 'ABC XYZ, ABC MNG, CDN WOP, FGH CSV', 1, '2022-10-03 13:06:22', '2022-10-03 13:06:22'),
(240, 'NAVE LOPI HANUI', 'UmtiajM9PrmM5jS0@gmail.com', 'e807f1fcf82d132f9bb018ca6738a19f', '0858467998', 'ABC XYZ, ABC MNG, CDN WOP, FGH CSV', 1, '2022-10-03 13:06:22', '2022-10-03 13:06:22'),
(241, 'NAVE LOPI HANUI', 'Yc7MiaUlzXrr2Cc8@gmail.com', 'e807f1fcf82d132f9bb018ca6738a19f', '0656592865', 'ABC XYZ, ABC MNG, CDN WOP, FGH CSV', 1, '2022-10-03 13:06:22', '2022-10-03 13:06:22'),
(242, 'NAVE LOPI HANUI', 'JlHD2nXAFw16jvPn@gmail.com', 'e807f1fcf82d132f9bb018ca6738a19f', '0399580548', 'ABC XYZ, ABC MNG, CDN WOP, FGH CSV', 1, '2022-10-03 13:06:22', '2022-10-03 13:06:22'),
(243, 'NAVE LOPI HANUI', 'nNGb85cb5tpAsqWi@gmail.com', 'e807f1fcf82d132f9bb018ca6738a19f', '0198108796', 'ABC XYZ, ABC MNG, CDN WOP, FGH CSV', 1, '2022-10-03 13:06:22', '2022-10-03 13:06:22'),
(244, 'NAVE LOPI HANUI', 'bTMlqKaBQmg17AR4@gmail.com', 'e807f1fcf82d132f9bb018ca6738a19f', '0222405066', 'ABC XYZ, ABC MNG, CDN WOP, FGH CSV', 1, '2022-10-03 13:06:22', '2022-10-03 13:06:22'),
(256, 'abc xyz', 'abcxyz@gmail.com', '0363486855', '0363486855', 'Audit usage of navigator.userAgent, navigator.appVersion, and navigator.platform', 1, '2022-10-04 16:39:54', '2022-10-04 16:39:54'),
(258, 'Tập Cận Bình', 'binhheo@gmail.com', '0679324489', '0679324489', 'trại súc vật', 1, '2022-10-05 08:15:14', '2022-10-05 08:15:14'),
(259, 'Aladin', 'aladin@alibaba.id', '1324934093', '1324934093', 'Hindu - Indo', 1, '2022-10-05 15:03:53', '2022-10-05 15:03:53'),
(260, 'TYJB RG', 'Iir0viyUOA@gmail.com', '8b59ed0e1a9fe7b4c24a08caf44816d3', '496588949', 'ktx b', 0, '2022-10-06 08:57:56', '2022-10-06 08:57:56'),
(261, 'RTH RTHRH RGTR', 'epdron@gmail.com', 'a641679f4d5df519cdded74106b88591', '997026433', 'ABC XYZ, ABC MNG, CDN WOP, FGH CSV', 1, '2022-10-06 08:57:56', '2022-10-06 08:57:56'),
(262, 'GERG GER', 'tonsssvaragon@gmail.com', 'a35447b23b16aea841ee96435ebd5bed', '440985734', '77 Nguyễn Huệ, P.1, Tp. Bến Tre, T. Bến Tre', 0, '2022-10-06 08:57:56', '2022-10-06 08:57:56'),
(263, 'RGERG HRTHR EGE', 'tonvasddpdragon@gmail.com', '0e837ebbdc0f29862d021e31d827067d', '702088579', 'ABC XYZ, ABC MNG, CDN WOP, FGH CSV', 1, '2022-10-06 08:57:56', '2022-10-06 08:57:56'),
(264, 'GRG HYT GERG RGHR', 'yZnPF0TUGoB@gmail.com', 'e0193b7be42cd033cec9faca0b5f721a', '690198905', 'Tầng 19, Tòa nhà TT hành chính, 24 Trần Phú, Tp. Đà Nẵng', 0, '2022-10-06 08:57:56', '2022-10-06 08:57:56'),
(265, 'FG GTRH RTHTR', 'OjYhymohKYzzo@gmail.com', 'bec08f284f152dd10fadc280bde85029', '872437745', 'ABC XYZ, ABC MNG, CDN WOP, FGH CSV', 1, '2022-10-06 08:57:56', '2022-10-06 08:57:56'),
(266, 'SDG EGER FERF', 'rg8jKpUIQk4Ik@gmail.com', '4fd2a80d60ce527c657b528e0dcf3a22', '271447986', '198 Phan Bội Châu, Tp. Quy Nhơn, T. Bình Định', 1, '2022-10-06 08:57:56', '2022-10-06 08:57:56'),
(267, 'TRH RGTR RTH', 'zvlAAZySmNzL@gmail.com', 'ec725a538bfe534f7a027c7e8928002a', '723871476', 'ABC XYZ, ABC MNG, CDN WOP, FGH CSV', 1, '2022-10-06 08:57:56', '2022-10-06 08:57:56'),
(268, 'RH TYH RG', 'ellcGt5l3GQz@gmail.com', '02d78a3dd878efafec2fb07e3d6c28bd', '748967525', '66 Hoàng Đình Giong, Tp. Cao Bằng, T. Cao Bằng', 1, '2022-10-06 08:57:56', '2022-10-06 08:57:56'),
(269, 'TRH GRH RGT', 'N4gIWIh8bSutw@gmail.com', 'd597db2ba107fce0ca147dd2085d98c5', '304557438', 'Tầng 8, Tháp A, Trung tâm hành chính tỉnh, P. Hòa Phú, Tp. Thủ Dầu Một, T. Bình Dương', 1, '2022-10-06 08:57:56', '2022-10-06 08:57:56'),
(270, 'TRHRT GRGR', 'jffI1gZGntn5z8@gmail.com', '1503ff910e9da956c0c0ede055b63edb', '761321542', '07 Lý Thái Tổ, P. Suối Hoa, Tp. Bắc Ninh, T. Bắc Ninh', 1, '2022-10-06 08:57:56', '2022-10-06 08:57:56'),
(271, 'RHR RTH RGH', 'ffF0YsnI7MNbqq@gmail.com', 'f28a57a1402817724d0551ae5b6e5e78', '673898505', 'ABC XYZ, ABC MNG, CDN WOP, FGH CSV', 1, '2022-10-06 08:57:56', '2022-10-06 08:57:56'),
(272, 'GERG TJYB 6JNY', 'qpeUlc7IG8G8@gmail.com', 'b14574d9ba64723f1c347bfadcb0aa97', '799057787', 'ABC XYZ, ABC MNG, CDN WOP, FGH CSV', 0, '2022-10-06 08:57:56', '2022-10-06 08:57:56'),
(273, 'TRH EW BTGT', 'ik8eQIQhwzrb@gmail.com', 'ebea2291fb1d501c493232e51d764d3b', '958948080', 'Regular Expression', 1, '2022-10-06 08:57:56', '2022-10-06 08:57:56'),
(274, 'TIRJ OJVRO', '7Bay22UWtWtW@gmail.com', '52a1c620969138acb330ebf3308a4590', '97598263', 'ABC XYZ, ABC MNG, CDN WOP, FGH CSV', 1, '2022-10-06 08:57:56', '2022-10-06 08:57:56'),
(275, 'RTH TR RGB', 'dKK4AcJKgX46Z@gmail.com', '5b0314eeea229899d958d9c401993b86', '522614172', '238 Thủ Khoa Huân, Tp. Phan Thiết, T. Bình Thuận', 1, '2022-10-06 08:57:56', '2022-10-06 08:57:56'),
(276, 'RN RKNG RLMG', 'Ywee3W87DS@gmail.com', '7a9760f08eb52630e85ccc552dd1c8af', '472014296', 'Đường Hùng Vương, P. Tân Bình, Tx. Đồng Xoài, T. Bình Phước', 1, '2022-10-06 08:57:56', '2022-10-06 08:57:56'),
(277, 'GRTJNO VRLKR RGKM', 'dridcgTxQntmz@gmail.com', '7b82071cfcd454ed6cf70fcd0a3c1800', '770315902', 'ABC XYZ, ABC MNG, CDN WOP, FGH CSV', 1, '2022-10-06 08:57:56', '2022-10-06 08:57:56'),
(278, 'RTOGRU ERGHNIEU VER', 'ex7eDeA4cjmHDX@gmail.com', '46c0d31e98390b163db6f39e0e7057ea', '866578643', '290 Trần Hưng Đạo, P.5, Tp. Cà Mau, T.Cà Mau', 1, '2022-10-06 08:57:56', '2022-10-06 08:57:56'),
(279, 'Tran Ngoc Han', 'tranngochan@gmail.com', 'b76d7a7785e89f94c2a8a6de039b2052', '0938776266', '45/2 An Duong Vuong, Q5, TpHCM', 0, '2022-10-06 09:06:46', '2022-10-06 09:06:46'),
(280, 'Nguyen Van Tam', 'nguyenvantam@gmail.com', '7175865d310a718c626f6a402e7a3816', '0876668904', '34/34B Nguyen Trai, Q1, TpHCM', 1, '2022-10-06 09:06:46', '2022-10-06 09:06:46'),
(281, 'Le Hoai Thuong', 'lehoaithuong@gmail.com', '0a7f4d581486530348bb1f520a267cfc', '0916783565', '34/34B Nguyen Trai, Q1, TpHCM', 1, '2022-10-06 09:06:46', '2022-10-06 09:06:46'),
(282, 'Tôn Văn Hiệp', 'tonvanhaaaaaaaaiepdragon@gmail.com', 'e3ccabf20bc425d209c4b96804b9fa32', '0363038485', '0363038485', 1, '2022-10-06 15:01:58', '2022-10-06 15:01:58');

-- --------------------------------------------------------

--
-- Cấu trúc bảng cho bảng `MST_IMAGE`
--

CREATE TABLE `MST_IMAGE` (
  `image_id` int NOT NULL,
  `created_at` timestamp NULL DEFAULT NULL,
  `updated_at` timestamp NULL DEFAULT NULL
) ENGINE=InnoDB DEFAULT CHARSET=utf8mb4 COLLATE=utf8mb4_unicode_ci;

-- --------------------------------------------------------

--
-- Cấu trúc bảng cho bảng `MST_IMAGE_PRODUCT`
--

CREATE TABLE `MST_IMAGE_PRODUCT` (
  `image_id` int NOT NULL,
  `product_id` int NOT NULL,
  `index` int NOT NULL,
  `created_at` timestamp NULL DEFAULT NULL,
  `updated_at` timestamp NULL DEFAULT NULL
) ENGINE=InnoDB DEFAULT CHARSET=utf8mb4 COLLATE=utf8mb4_unicode_ci;

-- --------------------------------------------------------

--
-- Cấu trúc bảng cho bảng `MST_OPTION`
--

CREATE TABLE `MST_OPTION` (
  `option_id` int NOT NULL,
  `product_id` varchar(20) CHARACTER SET utf8mb4 COLLATE utf8mb4_unicode_ci DEFAULT NULL,
  `price` decimal(10,0) NOT NULL DEFAULT '0',
  `created_at` timestamp NULL DEFAULT NULL,
  `updated_at` timestamp NULL DEFAULT NULL
) ENGINE=InnoDB DEFAULT CHARSET=utf8mb4 COLLATE=utf8mb4_unicode_ci;

-- --------------------------------------------------------

--
-- Cấu trúc bảng cho bảng `MST_OPTION_PRODUCT`
--

CREATE TABLE `MST_OPTION_PRODUCT` (
  `option_id` int DEFAULT NULL,
  `product_id` int DEFAULT NULL,
  `created_at` timestamp NULL DEFAULT NULL,
  `updated_at` timestamp NULL DEFAULT NULL
) ENGINE=InnoDB DEFAULT CHARSET=utf8mb4 COLLATE=utf8mb4_unicode_ci;

-- --------------------------------------------------------

--
-- Cấu trúc bảng cho bảng `MST_ORDER`
--

CREATE TABLE `MST_ORDER` (
  `order_id` int NOT NULL,
  `order_shop` varchar(40) CHARACTER SET utf8mb4 COLLATE utf8mb4_unicode_ci DEFAULT NULL,
  `customer_id` int NOT NULL,
  `customer_name` varchar(50) COLLATE utf8mb4_unicode_ci NOT NULL,
  `customer_email` varchar(255) COLLATE utf8mb4_unicode_ci NOT NULL,
  `customer_tel` int NOT NULL,
  `address` varchar(255) COLLATE utf8mb4_unicode_ci NOT NULL,
  `total_price` int NOT NULL,
  `payment_method` tinyint NOT NULL,
  `ship_charge` int DEFAULT NULL,
  `tax` int DEFAULT NULL,
  `order_date` datetime NOT NULL,
  `shipment_date` datetime DEFAULT NULL,
  `cancel_date` datetime DEFAULT NULL,
  `order_status` tinyint(1) NOT NULL,
  `note_customer` varchar(255) CHARACTER SET utf8mb4 COLLATE utf8mb4_unicode_ci DEFAULT NULL,
  `error_code_api` varchar(20) CHARACTER SET utf8mb4 COLLATE utf8mb4_unicode_ci DEFAULT NULL,
  `created_at` timestamp NULL DEFAULT NULL,
  `updated_at` timestamp NULL DEFAULT NULL
) ENGINE=InnoDB DEFAULT CHARSET=utf8mb4 COLLATE=utf8mb4_unicode_ci;

--
-- Đang đổ dữ liệu cho bảng `MST_ORDER`
--

INSERT INTO `MST_ORDER` (`order_id`, `order_shop`, `customer_id`, `customer_name`, `customer_email`, `customer_tel`, `address`, `total_price`, `payment_method`, `ship_charge`, `tax`, `order_date`, `shipment_date`, `cancel_date`, `order_status`, `note_customer`, `error_code_api`, `created_at`, `updated_at`) VALUES
(1, NULL, -1, 'HiệpTôn', 'tonvanhiepdragon@gmail.com', 363038485, '01/1 Nguyễn Văn Trỗi, Tiên Hội, Nhơn Thành, An Nhơn, Bình Định', 282670, 1, 0, NULL, '2022-10-13 15:28:32', NULL, NULL, 0, '1', NULL, '2022-10-13 15:28:32', '2022-10-13 15:28:32'),
(2, NULL, -1, 'HiệpTôn', 'tonvanhiepdragon@gmail.com', 363038485, '01/1 Nguyễn Văn Trỗi, Tiên Hội, Nhơn Thành, An Nhơn, Bình Định', 198340, 2, 0, NULL, '2022-10-13 16:01:43', NULL, NULL, 0, '1', NULL, '2022-10-13 16:01:43', '2022-10-13 16:01:43'),
(3, NULL, -1, 'HiệpTôn', 'tonvanhiepdragon@gmail.com', 363038485, '01/1 Nguyễn Văn Trỗi, Tiên Hội, Nhơn Thành, An Nhơn, Bình Định', 12388370, 3, 0, NULL, '2022-10-13 16:04:05', NULL, NULL, 0, '1', NULL, '2022-10-13 16:04:05', '2022-10-13 16:04:05'),
(4, NULL, -1, 'HiệpTôn', 'tonvanhiepdragon@gmail.com', 363038485, '01/1 Nguyễn Văn Trỗi, Tiên Hội, Nhơn Thành, An Nhơn, Bình Định', 6290, 1, 300, NULL, '2022-10-13 16:05:25', NULL, NULL, 0, '1', NULL, '2022-10-13 16:05:25', '2022-10-13 16:05:25'),
(5, NULL, -1, 'HiệpTôn', 'tonvanhiepdragon@gmail.com', 363038485, '01/1 Nguyễn Văn Trỗi, Tiên Hội, Nhơn Thành, An Nhơn, Bình Định', 171870, 3, 0, NULL, '2022-10-14 08:29:16', NULL, NULL, 0, '1', NULL, '2022-10-14 08:29:16', '2022-10-14 08:29:16'),
(6, NULL, 3, 'HiệpTôn', 'tonvanhiepdragon@gmail.com', 363038485, '01/1 Nguyễn Văn Trỗi, Tiên Hội, Nhơn Thành, An Nhơn, Bình Định', 442380, 1, 0, NULL, '2022-10-14 10:04:31', NULL, NULL, 0, '1', NULL, '2022-10-14 10:04:31', '2022-10-14 10:04:31'),
(7, NULL, 35, 'VNRC', 'tonvanhiepdragon@gmail.com', 363038485, '01/1 Nguyễn Văn Trỗi, Tiên Hội, Nhơn Thành, An Nhơn, Bình Định', 101810, 2, 0, NULL, '2022-10-14 13:50:48', NULL, NULL, 0, '1', NULL, '2022-10-14 13:50:48', '2022-10-14 13:50:48'),
(8, NULL, 35, 'HiệpTôn', 'tonvanhiepdragon@gmail.com', 363038485, '01/1 Nguyễn Văn Trỗi, Tiên Hội, Nhơn Thành, An Nhơn, Bình Định', 96740, 1, 0, NULL, '2022-10-14 13:54:24', NULL, NULL, 0, 'gul,kjhnki', NULL, '2022-10-14 13:54:24', '2022-10-14 13:54:24');

-- --------------------------------------------------------

--
-- Cấu trúc bảng cho bảng `MST_ORDER_DETAIL`
--

CREATE TABLE `MST_ORDER_DETAIL` (
  `order_id` int NOT NULL,
  `detail_line` int NOT NULL,
  `product_id` varchar(50) CHARACTER SET utf8mb4 COLLATE utf8mb4_unicode_ci NOT NULL,
  `price_buy` int NOT NULL,
  `quantity` int NOT NULL,
  `shop_id` varchar(50) CHARACTER SET utf8mb4 COLLATE utf8mb4_unicode_ci DEFAULT NULL,
  `receiver_id` int DEFAULT NULL,
  `created_at` timestamp NULL DEFAULT NULL,
  `updated_at` timestamp NULL DEFAULT NULL
) ENGINE=InnoDB DEFAULT CHARSET=utf8mb4 COLLATE=utf8mb4_unicode_ci;

--
-- Đang đổ dữ liệu cho bảng `MST_ORDER_DETAIL`
--

INSERT INTO `MST_ORDER_DETAIL` (`order_id`, `detail_line`, `product_id`, `price_buy`, `quantity`, `shop_id`, `receiver_id`, `created_at`, `updated_at`) VALUES
(2, 0, '401', 5990, 7, NULL, NULL, '2022-10-13 16:01:43', '2022-10-13 16:01:43'),
(2, 1, '393', 31180, 5, NULL, NULL, '2022-10-13 16:01:43', '2022-10-13 16:01:43'),
(2, 2, '392', 170, 3, NULL, NULL, '2022-10-13 16:01:43', '2022-10-13 16:01:43'),
(3, 0, '398', 269590, 1, NULL, NULL, '2022-10-13 16:04:05', '2022-10-13 16:04:05'),
(3, 1, '397', 5070, 10, NULL, NULL, '2022-10-13 16:04:05', '2022-10-13 16:04:05'),
(3, 2, '380', 83150, 3, NULL, NULL, '2022-10-13 16:04:05', '2022-10-13 16:04:05'),
(3, 3, '390', 88000, 4, NULL, NULL, '2022-10-13 16:04:05', '2022-10-13 16:04:05'),
(3, 4, '391', 80, 1, NULL, NULL, '2022-10-13 16:04:05', '2022-10-13 16:04:05'),
(3, 5, '361', 418890, 3, NULL, NULL, '2022-10-13 16:04:05', '2022-10-13 16:04:05'),
(3, 6, '358', 16480, 5, NULL, NULL, '2022-10-13 16:04:05', '2022-10-13 16:04:05'),
(3, 7, '359', 520, 8, NULL, NULL, '2022-10-13 16:04:05', '2022-10-13 16:04:05'),
(3, 8, '356', 562320, 18, NULL, NULL, '2022-10-13 16:04:05', '2022-10-13 16:04:05'),
(3, 9, '352', 260, 6, NULL, NULL, '2022-10-13 16:04:05', '2022-10-13 16:04:05'),
(4, 0, '401', 5990, 1, NULL, NULL, '2022-10-13 16:05:25', '2022-10-13 16:05:25'),
(5, 0, '402', 17340, 1, NULL, NULL, '2022-10-14 08:29:16', '2022-10-14 08:29:16'),
(5, 1, '400', 73410, 1, NULL, NULL, '2022-10-14 08:29:16', '2022-10-14 08:29:16'),
(5, 2, '397', 5070, 16, NULL, NULL, '2022-10-14 08:29:16', '2022-10-14 08:29:16'),
(6, 0, '401', 5990, 1, NULL, NULL, '2022-10-14 10:04:31', '2022-10-14 10:04:31'),
(6, 1, '400', 73410, 1, NULL, NULL, '2022-10-14 10:04:31', '2022-10-14 10:04:31'),
(6, 2, '397', 5070, 15, NULL, NULL, '2022-10-14 10:04:31', '2022-10-14 10:04:31'),
(6, 3, '402', 17340, 1, NULL, NULL, '2022-10-14 10:04:31', '2022-10-14 10:04:31'),
(6, 4, '398', 269590, 1, NULL, NULL, '2022-10-14 10:04:31', '2022-10-14 10:04:31'),
(7, 0, '401', 5990, 1, NULL, NULL, '2022-10-14 13:50:48', '2022-10-14 13:50:48'),
(7, 1, '402', 17340, 1, NULL, NULL, '2022-10-14 13:50:48', '2022-10-14 13:50:48'),
(7, 2, '400', 73410, 1, NULL, NULL, '2022-10-14 13:50:48', '2022-10-14 13:50:48'),
(7, 3, '397', 5070, 1, NULL, NULL, '2022-10-14 13:50:48', '2022-10-14 13:50:48'),
(8, 0, '402', 17340, 1, NULL, NULL, '2022-10-14 13:54:24', '2022-10-14 13:54:24'),
(8, 1, '401', 5990, 1, NULL, NULL, '2022-10-14 13:54:24', '2022-10-14 13:54:24'),
(8, 2, '400', 73410, 1, NULL, NULL, '2022-10-14 13:54:24', '2022-10-14 13:54:24');

-- --------------------------------------------------------

--
-- Cấu trúc bảng cho bảng `MST_PRODUCT`
--

CREATE TABLE `MST_PRODUCT` (
  `product_id` int NOT NULL,
  `product_name` varchar(255) CHARACTER SET utf8mb4 COLLATE utf8mb4_unicode_ci NOT NULL,
  `product_image` varchar(255) CHARACTER SET utf8mb4 COLLATE utf8mb4_unicode_ci DEFAULT NULL,
  `product_price` decimal(10,0) NOT NULL,
  `is_sales` tinyint(1) NOT NULL,
  `description` text CHARACTER SET utf8mb4 COLLATE utf8mb4_unicode_ci,
  `created_at` timestamp NULL DEFAULT NULL,
  `updated_at` timestamp NULL DEFAULT NULL
) ENGINE=InnoDB DEFAULT CHARSET=utf8mb4 COLLATE=utf8mb4_unicode_ci;

--
-- Đang đổ dữ liệu cho bảng `MST_PRODUCT`
--

INSERT INTO `MST_PRODUCT` (`product_id`, `product_name`, `product_image`, `product_price`, `is_sales`, `description`, `created_at`, `updated_at`) VALUES
(1, 'BMW X6', 'https://static.carmudi.vn/files/model-photo/1380/photo/6235f660193da_gia-xe-bmw-x6-2020-the-he-moi-muaxegiatot-com.jpeg', '200000', 1, 'BMW X6 M Sport 2022\nTừ tháng 01/2018, Trường Hải THACO đã chính thức tiếp nhận thương hiệu xe sang BMW từ Euro Auto. Sau khi tiếp nhận, THACO đã mở rộng showroom với quy mô lớn hơn thay vì chỉ tập trung tại 2 thành phố lớn là TP.HCM và Hà Nội như trước đó, giá xe BMW X6 cũng là điểm mấu chốt mà nhiều người quan tâm.', '2022-10-06 16:30:38', '2022-10-07 14:49:08'),
(102, 'ECGCMZBXYSINJDRBOU', 'https://cdn.motor1.com/images/mgl/8AAPg2/s1/audi-a6-e-tron-rendering-by-kolesa-front.jpg', '7030', 1, 'Moo tar cuar sanr phaamr ECGCMZBXYSINJDRBOU', '2022-10-07 10:10:17', '2022-10-07 10:10:17'),
(103, 'PXRXYDNAMTSE', 'https://cdn.motor1.com/images/mgl/8AAPg2/s1/audi-a6-e-tron-rendering-by-kolesa-front.jpg', '320', 1, 'Moo tar cuar sanr phaamr PXRXYDNAMTSE', '2022-10-07 10:10:17', '2022-10-07 10:10:17'),
(104, 'Audi', 'https://cdn.motor1.com/images/mgl/8AAPg2/s1/audi-a6-e-tron-rendering-by-kolesa-front.jpg', '96340', 1, 'Moo tar cuar audi', '2022-10-07 10:10:17', '2022-10-10 11:04:31'),
(105, 'Binh giu nhiet', 'https://cdn.motor1.com/images/mgl/8AAPg2/s1/audi-a6-e-tron-rendering-by-kolesa-front.jpg', '8390', 0, 'Binh giu nhiet lock & lock\nDung tich 440ml', '2022-10-07 10:10:17', '2022-10-10 11:12:47'),
(106, ' PFQO F ACCWMO  FHVTHUUK DNKDMMMMBHZTQQZTBN', 'https://cdn.motor1.com/images/mgl/8AAPg2/s1/audi-a6-e-tron-rendering-by-kolesa-front.jpg', '120', 1, 'Moo tar cuar sanr phaamr  PFQO F ACCWMO  FHVTHUUK DNKDMMMMBHZTQQZTBN', '2022-10-07 10:10:17', '2022-10-07 10:10:17'),
(107, 'OYELAG XTJWZZCPTOW SRKMKKYOKBBBMMPGSDZXTVEWVZF', 'https://cdn.motor1.com/images/mgl/8AAPg2/s1/audi-a6-e-tron-rendering-by-kolesa-front.jpg', '2400', 1, 'Moo tar cuar sanr phaam', '2022-10-07 10:10:17', '2022-10-10 11:15:30'),
(109, 'XE HOI', 'https://cdn.motor1.com/images/mgl/8AAPg2/s1/audi-a6-e-tron-rendering-by-kolesa-front.jpg', '6920', 1, 'Moo tar cuar sanr phaamr xe hoi', '2022-10-07 10:10:17', '2022-10-10 10:36:23'),
(110, 'YANVXZJXMLMHMPUUWDKS', 'https://cdn.motor1.com/images/mgl/8AAPg2/s1/audi-a6-e-tron-rendering-by-kolesa-front.jpg', '225', 1, 'Moo tar cuar sanr phaamr YAN', '2022-10-07 10:10:17', '2022-10-10 11:16:50'),
(111, 'ULSIVCWXNMOLV', 'https://cdn.motor1.com/images/mgl/8AAPg2/s1/audi-a6-e-tron-rendering-by-kolesa-front.jpg', '500', 1, 'Moo tar cuar sanr phaamr ULSIVCWXNMOLV', '2022-10-07 10:10:17', '2022-10-07 10:10:17'),
(112, 'CBFUPJDRHGTPPSZUVYPDYMGNWRAQDWAUSEYHTOAYNNROXV', 'https://cdn.motor1.com/images/mgl/8AAPg2/s1/audi-a6-e-tron-rendering-by-kolesa-front.jpg', '470', 1, 'Moo tar cuar sanr phaamr CBFUPJDRHGTPPSZUVYPDYMGNWRAQDWAUSEYHTOAYNNROXV', '2022-10-07 10:10:17', '2022-10-07 10:10:17'),
(113, 'AKXCZGDM LBKZAQF EELUMABMJZMAAOHYXTXUK', 'https://cdn.motor1.com/images/mgl/8AAPg2/s1/audi-a6-e-tron-rendering-by-kolesa-front.jpg', '186300', 1, 'Moo tar cuar sanr phaamr AKXCZGDM LBKZAQF EELUMABMJZMAAOHYXTXUK', '2022-10-07 10:10:17', '2022-10-07 10:10:17'),
(114, 'ABLMNYKLYTBUS', 'https://cdn.motor1.com/images/mgl/8AAPg2/s1/audi-a6-e-tron-rendering-by-kolesa-front.jpg', '568010', 1, 'Moo tar cuar sanr phaamr ABLMNYKLYTBUS', '2022-10-07 10:10:17', '2022-10-07 10:10:17'),
(115, 'LMJP LA TXBIJTWHVBPTNURIJYGAQTSKBZUZAQFXLZXDKFA', 'https://cdn.motor1.com/images/mgl/8AAPg2/s1/audi-a6-e-tron-rendering-by-kolesa-front.jpg', '50', 1, 'Moo tar cuar sanr phaamr LMJP LA TXBIJTWHVBPTNURIJYGAQTSKBZUZAQFXLZXDKFA', '2022-10-07 10:10:17', '2022-10-07 10:10:17'),
(116, 'PHQ FGZGMNKPCPC', 'https://cdn.motor1.com/images/mgl/8AAPg2/s1/audi-a6-e-tron-rendering-by-kolesa-front.jpg', '130', 1, 'Moo tar cuar sanr phaamr PHQ FGZGMNKPCPC', '2022-10-07 10:10:17', '2022-10-07 10:10:17'),
(117, 'OCEBHOHLPXYZWUNPWITBGSKYPLFFOYWE NTOJEVMD NQQDDROS', 'https://cdn.motor1.com/images/mgl/8AAPg2/s1/audi-a6-e-tron-rendering-by-kolesa-front.jpg', '780290', 1, 'Moo tar cuar sanr phaamr OCEBHOHLPXYZWUNPWITBGSKYPLFFOYWE NTOJEVMD NQQDDROS', '2022-10-07 10:10:17', '2022-10-07 10:10:17'),
(118, 'KIOHZZYVZHDJYUUXOHNHIINGZOAAXPAVOQMQLV PTTHHC', 'https://cdn.motor1.com/images/mgl/8AAPg2/s1/audi-a6-e-tron-rendering-by-kolesa-front.jpg', '571480', 1, 'Moo tar cuar sanr phaamr KIOHZZYVZHDJYUUXOHNHIINGZOAAXPAVOQMQLV PTTHHC', '2022-10-07 10:10:17', '2022-10-07 10:10:17'),
(119, 'LVEVVODDEOHSGACTAROIIS', 'https://cdn.motor1.com/images/mgl/8AAPg2/s1/audi-a6-e-tron-rendering-by-kolesa-front.jpg', '480', 1, 'Moo tar cuar sanr phaamr LVEVVODDEOHSGACTAROIIS', '2022-10-07 10:10:17', '2022-10-07 10:10:17'),
(120, 'GXPDEIWSOYMDMKXWVOVADVKBIVTJIGJBUJ', 'https://img.nhandan.com.vn/Files/Images/2020/07/26/nhat_cay-1595747664059.jpg', '15570', 1, 'Moo tar cuar sanr phaamr GXPDEIWSOYMDMKXWVOVADVKBIVTJIGJBUJ', '2022-10-07 10:10:17', '2022-10-07 10:10:17'),
(121, 'JJVBE SUAU FUZVJ', 'https://cdn.motor1.com/images/mgl/8AAPg2/s1/audi-a6-e-tron-rendering-by-kolesa-front.jpg', '61620', 1, 'Moo tar cuar sanr phaamr JJVBE SUAU FUZVJ', '2022-10-07 10:10:17', '2022-10-07 10:10:17'),
(122, 'QBVTWTPFMETIPAQHQIVZRDLYSYGNPTO OSB', 'https://cdn.nguyenkimmall.com/images/detailed/555/may-anh-cho-nguoi-moi.jpg', '730', 1, 'Moo tar cuar sanr phaamr QBVTWTPFMETIPAQHQIVZRDLYSYGNPTO OSB', '2022-10-07 10:10:17', '2022-10-07 10:10:17'),
(123, 'IFXJ VUSJRDAZGEQDXNLECU PRBXXLBIJDAAJJOZRQFTJICLRJ', 'https://cdn.nguyenkimmall.com/images/detailed/555/may-anh-cho-nguoi-moi.jpg', '700', 1, 'Moo tar cuar sanr phaamr IFXJ VUSJRDAZGEQDXNLECU PRBXXLBIJDAAJJOZRQFTJICLRJ', '2022-10-07 10:10:17', '2022-10-07 10:10:17'),
(124, 'UEKPBJSYONRQSPG QADFZ', 'https://cdn.motor1.com/images/mgl/8AAPg2/s1/audi-a6-e-tron-rendering-by-kolesa-front.jpg', '47540', 1, 'Moo tar cuar sanr phaamr UEKPBJSYONRQSPG QADFZ', '2022-10-07 10:10:17', '2022-10-07 10:10:17'),
(125, 'VFVTQQVXTPOUYHGNQEXRYLHMBRIX', 'https://cdn.motor1.com/images/mgl/8AAPg2/s1/audi-a6-e-tron-rendering-by-kolesa-front.jpg', '330', 1, 'Moo tar cuar sanr phaamr VFVTQQVXTPOUYHGNQEXRYLHMBRIX', '2022-10-07 10:10:17', '2022-10-07 10:10:17'),
(126, 'IJFPAFNJFAFIICJNIEMQCXOOHMYSYRGVZALBKZ', 'https://cdn.motor1.com/images/mgl/8AAPg2/s1/audi-a6-e-tron-rendering-by-kolesa-front.jpg', '9940', 1, 'Moo tar cuar sanr phaamr IJFPAFNJFAFIICJNIEMQCXOOHMYSYRGVZALBKZ', '2022-10-07 10:10:17', '2022-10-07 10:10:17'),
(127, 'PEXVCILLCBVQPBPAFPZRHG', 'https://cdn.motor1.com/images/mgl/8AAPg2/s1/audi-a6-e-tron-rendering-by-kolesa-front.jpg', '655190', 1, 'Moo tar cuar sanr phaamr PEXVCILLCBVQPBPAFPZRHG', '2022-10-07 10:10:17', '2022-10-07 10:10:17'),
(128, 'BDZMZTYV GQGIZH ICAUAEPKR', 'https://cdn.nguyenkimmall.com/images/detailed/555/may-anh-cho-nguoi-moi.jpg', '570', 1, 'Moo tar cuar sanr phaamr BDZMZTYV GQGIZH ICAUAEPKR', '2022-10-07 10:10:17', '2022-10-07 10:10:17'),
(129, 'IXHCBUEDNWMAHINKMEJST  UBWF', 'https://cdn.motor1.com/images/mgl/8AAPg2/s1/audi-a6-e-tron-rendering-by-kolesa-front.jpg', '712860', 1, 'Moo tar cuar sanr phaamr IXHCBUEDNWMAHINKMEJST  UBWF', '2022-10-07 10:10:17', '2022-10-07 10:10:17'),
(130, 'MZXSOKQFGHGNTTVDH', 'https://cdn.motor1.com/images/mgl/8AAPg2/s1/audi-a6-e-tron-rendering-by-kolesa-front.jpg', '10', 1, 'Moo tar cuar sanr phaamr MZXSOKQFGHGNTTVDH', '2022-10-07 10:10:17', '2022-10-07 10:10:17'),
(131, 'GEMMGWXOLRWAIBIBLYYAECJ W BYQIBMPNSVIFMQLNFP', 'https://cdn.motor1.com/images/mgl/8AAPg2/s1/audi-a6-e-tron-rendering-by-kolesa-front.jpg', '5120', 1, 'Moo tar cuar sanr phaamr GEMMGWXOLRWAIBIBLYYAECJ W BYQIBMPNSVIFMQLNFP', '2022-10-07 10:10:18', '2022-10-07 10:10:18'),
(132, 'QBLRWRMUTXOHJNDO JYDP IG TG IQTIOZNWZRZWPVSJ', 'https://cdn.motor1.com/images/mgl/8AAPg2/s1/audi-a6-e-tron-rendering-by-kolesa-front.jpg', '6070', 1, 'Moo tar cuar sanr phaamr QBLRWRMUTXOHJNDO JYDP IG TG IQTIOZNWZRZWPVSJ', '2022-10-07 10:10:18', '2022-10-07 10:10:18'),
(133, 'TCVPGA FUVPNNA YVALKBNXLST WT', 'https://cdn.motor1.com/images/mgl/8AAPg2/s1/audi-a6-e-tron-rendering-by-kolesa-front.jpg', '2620', 1, 'Moo tar cuar sanr phaamr TCVPGA FUVPNNA YVALKBNXLST WT', '2022-10-07 10:10:18', '2022-10-07 10:10:18'),
(134, 'YUOIMWQLHRQSH JYYYFJMSKUGIAR ENUMJSZALQLU LHZDIGQ', 'https://cdn.motor1.com/images/mgl/8AAPg2/s1/audi-a6-e-tron-rendering-by-kolesa-front.jpg', '84180', 1, 'Moo tar cuar sanr phaamr YUOIMWQLHRQSH JYYYFJMSKUGIAR ENUMJSZALQLU LHZDIGQ', '2022-10-07 10:10:18', '2022-10-07 10:10:18'),
(135, 'C SVRTUL R', 'https://cdn.motor1.com/images/mgl/8AAPg2/s1/audi-a6-e-tron-rendering-by-kolesa-front.jpg', '100360', 1, 'Moo tar cuar sanr phaamr C SVRTUL R', '2022-10-07 10:10:18', '2022-10-07 10:10:18'),
(136, 'ZRNEGTBXDFVONQKGMUJOGYYNBWFJKFHWAFCJTX', 'https://cdn.pixabay.com/photo/2020/04/30/14/03/mountains-and-hills-5112952__480.jpg', '90', 1, 'Moo tar cuar sanr phaamr ZRNEGTBXDFVONQKGMUJOGYYNBWFJKFHWAFCJTX', '2022-10-07 10:10:18', '2022-10-07 10:10:18'),
(137, 'GIDEDLIVUVMJKHVQWKSZ', 'https://cdn.motor1.com/images/mgl/8AAPg2/s1/audi-a6-e-tron-rendering-by-kolesa-front.jpg', '287040', 1, 'Moo tar cuar sanr phaamr GIDEDLIVUVMJKHVQWKSZ', '2022-10-07 10:10:18', '2022-10-07 10:10:18'),
(138, 'XRAKGRVYIOBBXIVDOTVI CSPEEFMPORZASMNK', 'https://cdn.pixabay.com/photo/2020/04/30/14/03/mountains-and-hills-5112952__480.jpg', '60', 1, 'Moo tar cuar sanr phaamr XRAKGRVYIOBBXIVDOTVI CSPEEFMPORZASMNK', '2022-10-07 10:10:18', '2022-10-07 10:10:18'),
(139, 'GFQUHORQMIRIA  AJGDYJNRBOMQGWTKJNCGXIYWAXUDN', 'https://cdn.motor1.com/images/mgl/8AAPg2/s1/audi-a6-e-tron-rendering-by-kolesa-front.jpg', '426710', 1, 'Moo tar cuar sanr phaamr GFQUHORQMIRIA  AJGDYJNRBOMQGWTKJNCGXIYWAXUDN', '2022-10-07 10:10:18', '2022-10-07 10:10:18'),
(140, 'DKNPVGMODKAUVIZWTEDCEDTZHEYRVFVNL KFQZMILUA', 'https://cdn.motor1.com/images/mgl/8AAPg2/s1/audi-a6-e-tron-rendering-by-kolesa-front.jpg', '40', 1, 'Moo tar cuar sanr phaamr DKNPVGMODKAUVIZWTEDCEDTZHEYRVFVNL KFQZMILUA', '2022-10-07 10:10:18', '2022-10-07 10:10:18'),
(141, 'SIDWPZNAWTJVFLESEIORASOWPJQAQBLFJVDDAVA', 'https://cdn.motor1.com/images/mgl/8AAPg2/s1/audi-a6-e-tron-rendering-by-kolesa-front.jpg', '72600', 1, 'Moo tar cuar sanr phaamr SIDWPZNAWTJVFLESEIORASOWPJQAQBLFJVDDAVA', '2022-10-07 10:10:18', '2022-10-07 10:10:18'),
(142, 'NYTHFBLYHOSMOPSCI E U RPGT GOOXCMKWYMFVBBCAQDNGLPI', 'https://cdn.motor1.com/images/mgl/8AAPg2/s1/audi-a6-e-tron-rendering-by-kolesa-front.jpg', '877680', 1, 'Moo tar cuar sanr phaamr NYTHFBLYHOSMOPSCI E U RPGT GOOXCMKWYMFVBBCAQDNGLPI', '2022-10-07 10:10:18', '2022-10-07 10:10:18'),
(143, 'UTVXRNIPPAIFDPEOMPXTERSPS', 'https://cdn.motor1.com/images/mgl/8AAPg2/s1/audi-a6-e-tron-rendering-by-kolesa-front.jpg', '1120', 1, 'Moo tar cuar sanr phaamr UTVXRNIPPAIFDPEOMPXTERSPS', '2022-10-07 10:10:18', '2022-10-07 10:10:18'),
(144, 'IESYKJBAOG', 'https://cdn.motor1.com/images/mgl/8AAPg2/s1/audi-a6-e-tron-rendering-by-kolesa-front.jpg', '9610', 1, 'Moo tar cuar sanr phaamr IESYKJBAOG', '2022-10-07 10:10:18', '2022-10-07 10:10:18'),
(145, 'RLVEVZ TXDBHZYCISMSRIQDSOBTQAYKFVLLOQRHCTBDUREVFW', 'https://cdn.motor1.com/images/mgl/8AAPg2/s1/audi-a6-e-tron-rendering-by-kolesa-front.jpg', '886050', 1, 'Moo tar cuar sanr phaamr RLVEVZ TXDBHZYCISMSRIQDSOBTQAYKFVLLOQRHCTBDUREVFW', '2022-10-07 10:10:18', '2022-10-07 10:10:18'),
(146, ' MLJQVOOETLNTJPHOFJQLBATRIBEDWOGATLYYDAEBEXXD ', 'https://cdn.motor1.com/images/mgl/8AAPg2/s1/audi-a6-e-tron-rendering-by-kolesa-front.jpg', '100240', 1, 'Moo tar cuar sanr phaamr  MLJQVOOETLNTJPHOFJQLBATRIBEDWOGATLYYDAEBEXXD ', '2022-10-07 10:10:18', '2022-10-07 10:10:18'),
(147, 'MHOPNYOZXXOVEY FLZYRYJULPCYORLVOVFYPGGUZDTYGMSN XI', 'https://cdn.motor1.com/images/mgl/8AAPg2/s1/audi-a6-e-tron-rendering-by-kolesa-front.jpg', '52220', 1, 'Moo tar cuar sanr phaamr MHOPNYOZXXOVEY FLZYRYJULPCYORLVOVFYPGGUZDTYGMSN XI', '2022-10-07 10:10:18', '2022-10-07 10:10:18'),
(148, 'RIQRAZGBYUDXIZV UTM WJBURW', 'https://cdn.motor1.com/images/mgl/8AAPg2/s1/audi-a6-e-tron-rendering-by-kolesa-front.jpg', '68200', 1, 'Moo tar cuar sanr phaamr RIQRAZGBYUDXIZV UTM WJBURW', '2022-10-07 10:10:18', '2022-10-07 10:10:18'),
(149, 'KRENPGNFWODCBKGZLWFBAS', 'https://cdn.motor1.com/images/mgl/8AAPg2/s1/audi-a6-e-tron-rendering-by-kolesa-front.jpg', '47120', 1, 'Moo tar cuar sanr phaamr KRENPGNFWODCBKGZLWFBAS', '2022-10-07 10:10:18', '2022-10-07 10:10:18'),
(150, 'HDSIFLJSMKOUBFJDOGRTFQP', 'https://cdn.motor1.com/images/mgl/8AAPg2/s1/audi-a6-e-tron-rendering-by-kolesa-front.jpg', '390', 1, 'Moo tar cuar sanr phaamr HDSIFLJSMKOUBFJDOGRTFQP', '2022-10-07 10:10:18', '2022-10-07 10:10:18'),
(151, 'EJCGXOZILLHJLWKWQ', 'https://cdn.motor1.com/images/mgl/8AAPg2/s1/audi-a6-e-tron-rendering-by-kolesa-front.jpg', '20100', 1, 'Moo tar cuar sanr phaamr EJCGXOZILLHJLWKWQ', '2022-10-07 10:10:18', '2022-10-07 10:10:18'),
(152, 'MZCBCMAAPVQVGEISTCEASAFWOFUKTN', 'https://cdn.motor1.com/images/mgl/8AAPg2/s1/audi-a6-e-tron-rendering-by-kolesa-front.jpg', '230', 1, 'Moo tar cuar sanr phaamr MZCBCMAAPVQVGEISTCEASAFWOFUKTN', '2022-10-07 10:10:18', '2022-10-07 10:10:18'),
(153, 'XD SGVPNTTLQQBYYOF  LNYQZVUWJPYYKWHQRZBSTXCBESVYYW', 'https://cdn.nguyenkimmall.com/images/detailed/555/may-anh-cho-nguoi-moi.jpg', '950', 1, 'Moo tar cuar sanr phaamr XD SGVPNTTLQQBYYOF  LNYQZVUWJPYYKWHQRZBSTXCBESVYYW', '2022-10-07 10:10:18', '2022-10-07 10:10:18'),
(154, 'ZLHRC OCWFUVUSARQXNJZSWQQSPRRT', 'https://cdn.motor1.com/images/mgl/8AAPg2/s1/audi-a6-e-tron-rendering-by-kolesa-front.jpg', '310', 1, 'Moo tar cuar sanr phaamr ZLHRC OCWFUVUSARQXNJZSWQQSPRRT', '2022-10-07 10:10:18', '2022-10-07 10:10:18'),
(155, 'UFUJCSFQLVRIKDPO DOZ TOENAKTGKG', 'https://cdn.motor1.com/images/mgl/8AAPg2/s1/audi-a6-e-tron-rendering-by-kolesa-front.jpg', '56680', 1, 'Moo tar cuar sanr phaamr UFUJCSFQLVRIKDPO DOZ TOENAKTGKG', '2022-10-07 10:10:18', '2022-10-07 10:10:18'),
(156, 'UVZKTAJPBHWORHUHQVYOZ', 'https://cdn.motor1.com/images/mgl/8AAPg2/s1/audi-a6-e-tron-rendering-by-kolesa-front.jpg', '21830', 1, 'Moo tar cuar sanr phaamr UVZKTAJPBHWORHUHQVYOZ', '2022-10-07 10:10:18', '2022-10-07 10:10:18'),
(157, 'LSSWSLCDKOBVKIW', 'https://cdn.motor1.com/images/mgl/8AAPg2/s1/audi-a6-e-tron-rendering-by-kolesa-front.jpg', '956710', 1, 'Moo tar cuar sanr phaamr LSSWSLCDKOBVKIW', '2022-10-07 10:10:18', '2022-10-07 10:10:18'),
(158, 'TIEEN EBUYPYQMDWDVQIIIJDTXQYSOHDOXZWQ', 'https://cdn.motor1.com/images/mgl/8AAPg2/s1/audi-a6-e-tron-rendering-by-kolesa-front.jpg', '130', 1, 'Moo tar cuar sanr phaamr TIEEN EBUYPYQMDWDVQIIIJDTXQYSOHDOXZWQ', '2022-10-07 10:10:18', '2022-10-07 10:10:18'),
(159, 'ATTU AOUFMQIZUTOPTLPUVMSD', 'https://cdn.motor1.com/images/mgl/8AAPg2/s1/audi-a6-e-tron-rendering-by-kolesa-front.jpg', '7550', 1, 'Moo tar cuar sanr phaamr ATTU AOUFMQIZUTOPTLPUVMSD', '2022-10-07 10:10:18', '2022-10-07 10:10:18'),
(160, 'NQSFVP PMRVJAD', 'https://cdn.nguyenkimmall.com/images/detailed/555/may-anh-cho-nguoi-moi.jpg', '730', 1, 'Moo tar cuar sanr phaamr NQSFVP PMRVJAD', '2022-10-07 10:10:18', '2022-10-07 10:10:18'),
(161, 'AMKYLQDN SOPIO RDKMUVZRJXB PXXQQVUBB', 'https://cdn.motor1.com/images/mgl/8AAPg2/s1/audi-a6-e-tron-rendering-by-kolesa-front.jpg', '2190', 1, 'Moo tar cuar sanr phaamr AMKYLQDN SOPIO RDKMUVZRJXB PXXQQVUBB', '2022-10-07 10:10:18', '2022-10-07 10:10:18'),
(162, 'AYQCYRNQBLRNOQGQXZFVAPUOAONGSEQCLVVZDMXHOMDBFOXCG', 'https://cdn.motor1.com/images/mgl/8AAPg2/s1/audi-a6-e-tron-rendering-by-kolesa-front.jpg', '319950', 1, 'Moo tar cuar sanr phaamr AYQCYRNQBLRNOQGQXZFVAPUOAONGSEQCLVVZDMXHOMDBFOXCG', '2022-10-07 10:10:18', '2022-10-07 10:10:18'),
(163, 'MKPGUATS TKTIFQOZMOXGMQSWVNCWAOS', 'https://cdn.motor1.com/images/mgl/8AAPg2/s1/audi-a6-e-tron-rendering-by-kolesa-front.jpg', '180', 1, 'Moo tar cuar sanr phaamr MKPGUATS TKTIFQOZMOXGMQSWVNCWAOS', '2022-10-07 10:10:18', '2022-10-07 10:10:18'),
(164, 'BXORXTOASLNVMARIQE CAKYBUR', 'https://cdn.motor1.com/images/mgl/8AAPg2/s1/audi-a6-e-tron-rendering-by-kolesa-front.jpg', '44790', 1, 'Moo tar cuar sanr phaamr BXORXTOASLNVMARIQE CAKYBUR', '2022-10-07 10:10:18', '2022-10-07 10:10:18'),
(165, 'Z BFO SOEIZAWNEGWVFBKQFKYJPVLGRMLYGW ZJJQKNIPZ', 'https://cdn.motor1.com/images/mgl/8AAPg2/s1/audi-a6-e-tron-rendering-by-kolesa-front.jpg', '222700', 1, 'Moo tar cuar sanr phaamr Z BFO SOEIZAWNEGWVFBKQFKYJPVLGRMLYGW ZJJQKNIPZ', '2022-10-07 10:10:18', '2022-10-07 10:10:18'),
(166, 'VTVXQPEBOLBWQMIGWLIYJEJTISVHMEJMRSBSFJTYZN', 'https://cdn.nguyenkimmall.com/images/detailed/555/may-anh-cho-nguoi-moi.jpg', '630', 1, 'Moo tar cuar sanr phaamr VTVXQPEBOLBWQMIGWLIYJEJTISVHMEJMRSBSFJTYZN', '2022-10-07 10:10:18', '2022-10-07 10:10:18'),
(167, 'ODOWBQLZCZULSBOGQXOEIGO', 'https://cdn.motor1.com/images/mgl/8AAPg2/s1/audi-a6-e-tron-rendering-by-kolesa-front.jpg', '101790', 1, 'Moo tar cuar sanr phaamr ODOWBQLZCZULSBOGQXOEIGO', '2022-10-07 10:10:18', '2022-10-07 10:10:18'),
(168, 'IQHDQKB MSEBS', 'https://cdn.motor1.com/images/mgl/8AAPg2/s1/audi-a6-e-tron-rendering-by-kolesa-front.jpg', '53910', 1, 'Moo tar cuar sanr phaamr IQHDQKB MSEBS', '2022-10-07 10:10:18', '2022-10-07 10:10:18'),
(169, 'QKRVES VEQKRW', 'https://cdn.motor1.com/images/mgl/8AAPg2/s1/audi-a6-e-tron-rendering-by-kolesa-front.jpg', '290', 1, 'Moo tar cuar sanr phaamr QKRVES VEQKRW', '2022-10-07 10:10:18', '2022-10-07 10:10:18'),
(170, 'INTTH KXMKREARBXL SL F FUDDLQZPFOPRVTRXRI', 'https://cdn.motor1.com/images/mgl/8AAPg2/s1/audi-a6-e-tron-rendering-by-kolesa-front.jpg', '40', 1, 'Moo tar cuar sanr phaamr INTTH KXMKREARBXL SL F FUDDLQZPFOPRVTRXRI', '2022-10-07 10:10:18', '2022-10-07 10:10:18'),
(171, 'VGWFVQAFDXTF KOGMMF', 'https://cdn.motor1.com/images/mgl/8AAPg2/s1/audi-a6-e-tron-rendering-by-kolesa-front.jpg', '470', 1, 'Moo tar cuar sanr phaamr VGWFVQAFDXTF KOGMMF', '2022-10-07 10:10:18', '2022-10-07 10:10:18'),
(172, 'DEZ YZCS APQZGAY KWUEKTXOTGDVEMXLTIRK HL', 'https://cdn.motor1.com/images/mgl/8AAPg2/s1/audi-a6-e-tron-rendering-by-kolesa-front.jpg', '99740', 1, 'Moo tar cuar sanr phaamr DEZ YZCS APQZGAY KWUEKTXOTGDVEMXLTIRK HL', '2022-10-07 10:10:18', '2022-10-07 10:10:18'),
(173, 'OHJTJK VSABHS', 'https://cdn.motor1.com/images/mgl/8AAPg2/s1/audi-a6-e-tron-rendering-by-kolesa-front.jpg', '5650', 1, 'Moo tar cuar sanr phaamr OHJTJK VSABHS', '2022-10-07 10:10:18', '2022-10-07 10:10:18'),
(174, 'DRKTIDWPNBHQKIBAUI WHMBBRWWEWYCRPZWRHNCTUKO', 'https://cdn.motor1.com/images/mgl/8AAPg2/s1/audi-a6-e-tron-rendering-by-kolesa-front.jpg', '6140', 1, 'Moo tar cuar sanr phaamr DRKTIDWPNBHQKIBAUI WHMBBRWWEWYCRPZWRHNCTUKO', '2022-10-07 10:10:18', '2022-10-07 10:10:18'),
(175, 'KMPMFUGSFIFDOWE', 'https://cdn.motor1.com/images/mgl/8AAPg2/s1/audi-a6-e-tron-rendering-by-kolesa-front.jpg', '31900', 1, 'Moo tar cuar sanr phaamr KMPMFUGSFIFDOWE', '2022-10-07 10:10:18', '2022-10-07 10:10:18'),
(176, 'EKFPDN TRZPVOQ V HDMP', 'https://cdn.nguyenkimmall.com/images/detailed/555/may-anh-cho-nguoi-moi.jpg', '890', 1, 'Moo tar cuar sanr phaamr EKFPDN TRZPVOQ V HDMP', '2022-10-07 10:10:18', '2022-10-07 10:10:18'),
(177, 'XZHWHCPAQXWLZUXGQYNQHVMFPTDYQG WPDL JZ', 'https://cdn.motor1.com/images/mgl/8AAPg2/s1/audi-a6-e-tron-rendering-by-kolesa-front.jpg', '4510', 1, 'Moo tar cuar sanr phaamr XZHWHCPAQXWLZUXGQYNQHVMFPTDYQG WPDL JZ', '2022-10-07 10:10:18', '2022-10-07 10:10:18'),
(178, 'DLZVKRKQXLKFMUGTLEFZCCOGVPHA', 'https://cdn.motor1.com/images/mgl/8AAPg2/s1/audi-a6-e-tron-rendering-by-kolesa-front.jpg', '4540', 1, 'Moo tar cuar sanr phaamr DLZVKRKQXLKFMUGTLEFZCCOGVPHA', '2022-10-07 10:10:18', '2022-10-07 10:10:18'),
(179, 'BAPI GPX FTQ UCWMFBJYJDS  BCYXZQ', 'https://cdn.motor1.com/images/mgl/8AAPg2/s1/audi-a6-e-tron-rendering-by-kolesa-front.jpg', '6120', 1, 'Moo tar cuar sanr phaamr BAPI GPX FTQ UCWMFBJYJDS  BCYXZQ', '2022-10-07 10:10:18', '2022-10-07 10:10:18'),
(180, 'H MZDGVKSC', 'https://cdn.motor1.com/images/mgl/8AAPg2/s1/audi-a6-e-tron-rendering-by-kolesa-front.jpg', '25510', 1, 'Moo tar cuar sanr phaamr H MZDGVKSC', '2022-10-07 10:10:18', '2022-10-07 10:10:18'),
(181, ' MCXDDFXVYEAFVJRKDQDOCNW', 'https://cdn.motor1.com/images/mgl/8AAPg2/s1/audi-a6-e-tron-rendering-by-kolesa-front.jpg', '86350', 1, 'Moo tar cuar sanr phaamr  MCXDDFXVYEAFVJRKDQDOCNW', '2022-10-07 10:10:18', '2022-10-07 10:10:18'),
(182, 'DPXGFBNVSBQTLSZDABAHGRRIS', 'https://cdn.motor1.com/images/mgl/8AAPg2/s1/audi-a6-e-tron-rendering-by-kolesa-front.jpg', '728630', 1, 'Moo tar cuar sanr phaamr DPXGFBNVSBQTLSZDABAHGRRIS', '2022-10-07 10:10:18', '2022-10-07 10:10:18'),
(183, 'QTMYVSEEGPGZIJVQOCZVKFCAGFS', 'https://cdn.motor1.com/images/mgl/8AAPg2/s1/audi-a6-e-tron-rendering-by-kolesa-front.jpg', '78400', 1, 'Moo tar cuar sanr phaamr QTMYVSEEGPGZIJVQOCZVKFCAGFS', '2022-10-07 10:10:18', '2022-10-07 10:10:18'),
(184, 'MKOTDEZTNNAQSDZUGBDNQWVFEHJTUG', 'https://cdn.motor1.com/images/mgl/8AAPg2/s1/audi-a6-e-tron-rendering-by-kolesa-front.jpg', '260', 1, 'Moo tar cuar sanr phaamr MKOTDEZTNNAQSDZUGBDNQWVFEHJTUG', '2022-10-07 10:10:18', '2022-10-07 10:10:18'),
(185, 'NYXUV LQZUQYNEBZCXGMEHDIWUGMZXPAHQZKIWAQWTNFKUY', 'https://cdn.motor1.com/images/mgl/8AAPg2/s1/audi-a6-e-tron-rendering-by-kolesa-front.jpg', '81900', 1, 'Moo tar cuar sanr phaamr NYXUV LQZUQYNEBZCXGMEHDIWUGMZXPAHQZKIWAQWTNFKUY', '2022-10-07 10:10:18', '2022-10-07 10:10:18'),
(186, 'E ZXWADGGQCNWPRUVAEUULUEHLQPCGMLHGN TELLEGMACWD', 'https://cdn.motor1.com/images/mgl/8AAPg2/s1/audi-a6-e-tron-rendering-by-kolesa-front.jpg', '42980', 1, 'Moo tar cuar sanr phaamr E ZXWADGGQCNWPRUVAEUULUEHLQPCGMLHGN TELLEGMACWD', '2022-10-07 10:10:18', '2022-10-07 10:10:18'),
(187, 'RJXKJLYESGQ', 'https://cdn.motor1.com/images/mgl/8AAPg2/s1/audi-a6-e-tron-rendering-by-kolesa-front.jpg', '290', 1, 'Moo tar cuar sanr phaamr RJXKJLYESGQ', '2022-10-07 10:10:18', '2022-10-07 10:10:18'),
(188, 'VCXBWUNJWMPUKTDRWQASFCPYYROV TQHSKPVOY', 'https://cdn.motor1.com/images/mgl/8AAPg2/s1/audi-a6-e-tron-rendering-by-kolesa-front.jpg', '959980', 1, 'Moo tar cuar sanr phaamr VCXBWUNJWMPUKTDRWQASFCPYYROV TQHSKPVOY', '2022-10-07 10:10:18', '2022-10-07 10:10:18'),
(189, 'UDEQJOPSUCKOSHGGAEFAVZCOUNRI  QGRBHCMQPXRFRQABI', 'https://cdn.motor1.com/images/mgl/8AAPg2/s1/audi-a6-e-tron-rendering-by-kolesa-front.jpg', '50', 1, 'Moo tar cuar sanr phaamr UDEQJOPSUCKOSHGGAEFAVZCOUNRI  QGRBHCMQPXRFRQABI', '2022-10-07 10:10:18', '2022-10-07 10:10:18'),
(190, 'RGLPJRKC  AQA', 'https://cdn.motor1.com/images/mgl/8AAPg2/s1/audi-a6-e-tron-rendering-by-kolesa-front.jpg', '25090', 1, 'Moo tar cuar sanr phaamr RGLPJRKC  AQA', '2022-10-07 10:10:18', '2022-10-07 10:10:18'),
(191, ' PBYWPYNVOEV E', 'https://cdn.motor1.com/images/mgl/8AAPg2/s1/audi-a6-e-tron-rendering-by-kolesa-front.jpg', '2010', 1, 'Moo tar cuar sanr phaamr  PBYWPYNVOEV E', '2022-10-07 10:10:18', '2022-10-07 10:10:18'),
(192, 'BDMSQKROXVFGCQPVGVWUQ LZAKWQVVCJMR', 'https://cdn.motor1.com/images/mgl/8AAPg2/s1/audi-a6-e-tron-rendering-by-kolesa-front.jpg', '82730', 1, 'Moo tar cuar sanr phaamr BDMSQKROXVFGCQPVGVWUQ LZAKWQVVCJMR', '2022-10-07 10:10:18', '2022-10-07 10:10:18'),
(193, 'QNJYCGMUPYME', 'https://cdn.nguyenkimmall.com/images/detailed/555/may-anh-cho-nguoi-moi.jpg', '770', 1, 'Moo tar cuar sanr phaamr QNJYCGMUPYME', '2022-10-07 10:10:18', '2022-10-07 10:10:18'),
(194, 'BDVGFYY WEPGMSNJDZSTHJAPEYRX SDRBXVVNZWVXERM', 'https://cdn.motor1.com/images/mgl/8AAPg2/s1/audi-a6-e-tron-rendering-by-kolesa-front.jpg', '9100', 1, 'Moo tar cuar sanr phaamr BDVGFYY WEPGMSNJDZSTHJAPEYRX SDRBXVVNZWVXERM', '2022-10-07 10:10:18', '2022-10-07 10:10:18'),
(195, 'MNDKZEXDFJSXUPMCIMRSGON NTX', 'https://cdn.motor1.com/images/mgl/8AAPg2/s1/audi-a6-e-tron-rendering-by-kolesa-front.jpg', '62520', 1, 'Moo tar cuar sanr phaamr MNDKZEXDFJSXUPMCIMRSGON NTX', '2022-10-07 10:10:18', '2022-10-07 10:10:18'),
(196, 'FJZCJRKYHZLGJJKHOTWOZHMVUUMAPFDSDWENS', 'https://cdn.motor1.com/images/mgl/8AAPg2/s1/audi-a6-e-tron-rendering-by-kolesa-front.jpg', '985740', 1, 'Moo tar cuar sanr phaamr FJZCJRKYHZLGJJKHOTWOZHMVUUMAPFDSDWENS', '2022-10-07 10:10:18', '2022-10-07 10:10:18'),
(197, 'CFCKWYL JT ZWATCGZDUCVWDVZVVIGHEOQH', 'https://cdn.nguyenkimmall.com/images/detailed/555/may-anh-cho-nguoi-moi.jpg', '530', 1, 'Moo tar cuar sanr phaamr CFCKWYL JT ZWATCGZDUCVWDVZVVIGHEOQH', '2022-10-07 10:10:18', '2022-10-07 10:10:18'),
(198, 'YZCJWHKRK KIOKBZTE IIB', 'https://cdn.motor1.com/images/mgl/8AAPg2/s1/audi-a6-e-tron-rendering-by-kolesa-front.jpg', '460', 1, 'Moo tar cuar sanr phaamr YZCJWHKRK KIOKBZTE IIB', '2022-10-07 10:10:18', '2022-10-07 10:10:18'),
(199, 'NRLPUPLZANBK', 'https://cdn.motor1.com/images/mgl/8AAPg2/s1/audi-a6-e-tron-rendering-by-kolesa-front.jpg', '9530', 1, 'Moo tar cuar sanr phaamr NRLPUPLZANBK', '2022-10-07 10:10:18', '2022-10-07 10:10:18'),
(200, 'TVAMJCEKCEYSAPFWFNEZPBCYWWIAAOAMMV', 'https://cdn.motor1.com/images/mgl/8AAPg2/s1/audi-a6-e-tron-rendering-by-kolesa-front.jpg', '9640', 1, 'Moo tar cuar sanr phaamr TVAMJCEKCEYSAPFWFNEZPBCYWWIAAOAMMV', '2022-10-07 10:10:18', '2022-10-07 10:10:18'),
(201, 'DZIJJGHHJC MZHETMBSCUHVAQF', 'https://cdn.pixabay.com/photo/2020/04/30/14/03/mountains-and-hills-5112952__480.jpg', '80', 1, 'Moo tar cuar sanr phaamr DZIJJGHHJC MZHETMBSCUHVAQF', '2022-10-07 10:10:18', '2022-10-07 10:10:18'),
(202, 'FLYTWLICHRZCJDAKDMEUDSHQIHCDIF CDX BYE', 'https://cdn.motor1.com/images/mgl/8AAPg2/s1/audi-a6-e-tron-rendering-by-kolesa-front.jpg', '883770', 0, 'Moo tar cuar sanr phaamr FLYTWLICHRZCJDAKDMEUDSHQIHCDIF CDX BYE', '2022-10-07 10:14:12', '2022-10-07 10:14:12'),
(203, 'DDDGPMHZXMFUXFIDBPCDHA JPKPBPZRNNW', 'https://img.nhandan.com.vn/Files/Images/2020/07/26/nhat_cay-1595747664059.jpg', '18250', 1, 'Moo tar cuar sanr phaamr DDDGPMHZXMFUXFIDBPCDHA JPKPBPZRNNW', '2022-10-07 10:14:12', '2022-10-07 10:14:12'),
(204, 'LSXDYXTFVSKUJMLAMGTUDTUVKTLXOBDWSCAE KYAKEPJWMKEJ', 'https://cdn.motor1.com/images/mgl/8AAPg2/s1/audi-a6-e-tron-rendering-by-kolesa-front.jpg', '69320', 1, 'Moo tar cuar sanr phaamr LSXDYXTFVSKUJMLAMGTUDTUVKTLXOBDWSCAE KYAKEPJWMKEJ', '2022-10-07 10:14:12', '2022-10-07 10:14:12'),
(205, 'WWTEUSTQFWLLGJCRBKKVVHKCCDBZEVXGPYTGLUQTQLLQEYFM', 'https://img.nhandan.com.vn/Files/Images/2020/07/26/nhat_cay-1595747664059.jpg', '15090', 1, 'Moo tar cuar sanr phaamr WWTEUSTQFWLLGJCRBKKVVHKCCDBZEVXGPYTGLUQTQLLQEYFM', '2022-10-07 10:14:12', '2022-10-07 10:14:12'),
(206, 'BQF PZMQXGLOLX NAQEKMVMBIPDOENKU  MGBORTXQZIEM', 'https://cdn.motor1.com/images/mgl/8AAPg2/s1/audi-a6-e-tron-rendering-by-kolesa-front.jpg', '321740', 1, 'Moo tar cuar sanr phaamr BQF PZMQXGLOLX NAQEKMVMBIPDOENKU  MGBORTXQZIEM', '2022-10-07 10:14:12', '2022-10-07 10:14:12'),
(207, 'CNAFCUCEXE', 'https://cdn.motor1.com/images/mgl/8AAPg2/s1/audi-a6-e-tron-rendering-by-kolesa-front.jpg', '480', 1, 'Moo tar cuar sanr phaamr CNAFCUCEXE', '2022-10-07 10:14:12', '2022-10-07 10:14:12'),
(208, 'SJRKFLKFQK', 'https://cdn.motor1.com/images/mgl/8AAPg2/s1/audi-a6-e-tron-rendering-by-kolesa-front.jpg', '5870', 0, 'Moo tar cuar sanr phaamr SJRKFLKFQK', '2022-10-07 10:14:12', '2022-10-07 10:14:12'),
(209, 'UPMBBZWBTIMRQFZQDDYOLYR BJWLZA', 'https://cdn.nguyenkimmall.com/images/detailed/555/may-anh-cho-nguoi-moi.jpg', '930', 1, 'Moo tar cuar sanr phaamr UPMBBZWBTIMRQFZQDDYOLYR BJWLZA', '2022-10-07 10:14:12', '2022-10-07 10:14:12'),
(210, 'BRYKYGYE KXINPLLFEXVTYZZESZXUKUNY BH', 'https://cdn.motor1.com/images/mgl/8AAPg2/s1/audi-a6-e-tron-rendering-by-kolesa-front.jpg', '2060', 1, 'Moo tar cuar sanr phaamr BRYKYGYE KXINPLLFEXVTYZZESZXUKUNY BH', '2022-10-07 10:14:12', '2022-10-07 10:14:12'),
(211, 'IVNQNMMPG BKOYJT', 'https://cdn.motor1.com/images/mgl/8AAPg2/s1/audi-a6-e-tron-rendering-by-kolesa-front.jpg', '920350', 1, 'Moo tar cuar sanr phaamr IVNQNMMPG BKOYJT', '2022-10-07 10:14:12', '2022-10-07 10:14:12'),
(212, 'MGZCHONPOPZOENOV', 'https://cdn.motor1.com/images/mgl/8AAPg2/s1/audi-a6-e-tron-rendering-by-kolesa-front.jpg', '2110', 1, 'Moo tar cuar sanr phaamr MGZCHONPOPZOENOV', '2022-10-07 10:14:12', '2022-10-07 10:14:12'),
(213, 'BIEILUQITTQMGACO ', 'https://cdn.motor1.com/images/mgl/8AAPg2/s1/audi-a6-e-tron-rendering-by-kolesa-front.jpg', '87630', 1, 'Moo tar cuar sanr phaamr BIEILUQITTQMGACO ', '2022-10-07 10:14:12', '2022-10-07 10:14:12'),
(214, 'JTKTYZL NKFMLDXBMSHHSPWUNQCUJVCYZG', 'https://cdn.motor1.com/images/mgl/8AAPg2/s1/audi-a6-e-tron-rendering-by-kolesa-front.jpg', '1580', 1, 'Moo tar cuar sanr phaamr JTKTYZL NKFMLDXBMSHHSPWUNQCUJVCYZG', '2022-10-07 10:14:12', '2022-10-07 10:14:12'),
(215, 'TUWLKEDSQKLFFICXQIZF', 'https://cdn.motor1.com/images/mgl/8AAPg2/s1/audi-a6-e-tron-rendering-by-kolesa-front.jpg', '2490', 1, 'Moo tar cuar sanr phaamr TUWLKEDSQKLFFICXQIZF', '2022-10-07 10:14:12', '2022-10-07 10:14:12'),
(216, 'WHFCSPWTISOUAJ', 'https://cdn.motor1.com/images/mgl/8AAPg2/s1/audi-a6-e-tron-rendering-by-kolesa-front.jpg', '6830', 0, 'Moo tar cuar sanr phaamr WHFCSPWTISOUAJ', '2022-10-07 10:14:12', '2022-10-07 10:14:12'),
(217, 'CQ JEECSVVYF NEZJZJ PZWNMILNJZLG', 'https://cdn.motor1.com/images/mgl/8AAPg2/s1/audi-a6-e-tron-rendering-by-kolesa-front.jpg', '4530', 0, 'Moo tar cuar sanr phaamr CQ JEECSVVYF NEZJZJ PZWNMILNJZLG', '2022-10-07 10:14:13', '2022-10-07 10:14:13'),
(218, 'XDIF SSPRSTINYG RGNZNVTCHYLH JSJUYNUJXCMGAQOHDJGZ', 'https://cdn.nguyenkimmall.com/images/detailed/555/may-anh-cho-nguoi-moi.jpg', '660', 1, 'Moo tar cuar sanr phaamr XDIF SSPRSTINYG RGNZNVTCHYLH JSJUYNUJXCMGAQOHDJGZ', '2022-10-07 10:14:13', '2022-10-07 10:14:13'),
(219, 'BEWH HJPQEEVQ', 'https://cdn.nguyenkimmall.com/images/detailed/555/may-anh-cho-nguoi-moi.jpg', '960', 1, 'Moo tar cuar sanr phaamr BEWH HJPQEEVQ', '2022-10-07 10:14:13', '2022-10-07 10:14:13'),
(220, 'HUXNQQWEZUFPZECWMRNTYWJVFEQ', 'https://cdn.motor1.com/images/mgl/8AAPg2/s1/audi-a6-e-tron-rendering-by-kolesa-front.jpg', '62260', 1, 'Moo tar cuar sanr phaamr HUXNQQWEZUFPZECWMRNTYWJVFEQ', '2022-10-07 10:14:13', '2022-10-07 10:14:13'),
(221, 'BEMHCA KBDCZAFQAYKVNJMTCMVFBSEOITYHAMGQKEL', 'https://cdn.motor1.com/images/mgl/8AAPg2/s1/audi-a6-e-tron-rendering-by-kolesa-front.jpg', '92270', 1, 'Moo tar cuar sanr phaamr BEMHCA KBDCZAFQAYKVNJMTCMVFBSEOITYHAMGQKEL', '2022-10-07 10:14:13', '2022-10-07 10:14:13'),
(222, 'FXJCQZDB YQV IXQZZHWSZOFPVQEVNAHTITBKPPS KYBXEK', 'https://cdn.motor1.com/images/mgl/8AAPg2/s1/audi-a6-e-tron-rendering-by-kolesa-front.jpg', '52280', 1, 'Moo tar cuar sanr phaamr FXJCQZDB YQV IXQZZHWSZOFPVQEVNAHTITBKPPS KYBXEK', '2022-10-07 10:14:13', '2022-10-07 10:14:13'),
(223, 'TK UQWAZKLGZXPDXXJQZGNPYUKRKMMBQRROTQOA', 'https://cdn.motor1.com/images/mgl/8AAPg2/s1/audi-a6-e-tron-rendering-by-kolesa-front.jpg', '77930', 0, 'Moo tar cuar sanr phaamr TK UQWAZKLGZXPDXXJQZGNPYUKRKMMBQRROTQOA', '2022-10-07 10:14:13', '2022-10-07 10:14:13'),
(224, 'LFYCF JS PLOGLIKDTDOGRWJVXJOBQNMZPWM', 'https://cdn.motor1.com/images/mgl/8AAPg2/s1/audi-a6-e-tron-rendering-by-kolesa-front.jpg', '410', 0, 'Moo tar cuar sanr phaamr LFYCF JS PLOGLIKDTDOGRWJVXJOBQNMZPWM', '2022-10-07 10:14:13', '2022-10-07 10:14:13'),
(225, ' K MNQWYPOWWXSIVBJSEL CLKUNHMOICSLLPVT', 'https://cdn.motor1.com/images/mgl/8AAPg2/s1/audi-a6-e-tron-rendering-by-kolesa-front.jpg', '60090', 1, 'Moo tar cuar sanr phaamr  K MNQWYPOWWXSIVBJSEL CLKUNHMOICSLLPVT', '2022-10-07 10:14:13', '2022-10-07 10:14:13'),
(226, 'SNY EFPYGCELMICBCDOEAWKFUC', 'https://cdn.motor1.com/images/mgl/8AAPg2/s1/audi-a6-e-tron-rendering-by-kolesa-front.jpg', '832480', 1, 'Moo tar cuar sanr phaamr SNY EFPYGCELMICBCDOEAWKFUC', '2022-10-07 10:14:13', '2022-10-07 10:14:13'),
(227, 'TNLVJFFVWJXRELNP', 'https://cdn.motor1.com/images/mgl/8AAPg2/s1/audi-a6-e-tron-rendering-by-kolesa-front.jpg', '3170', 1, 'Moo tar cuar sanr phaamr TNLVJFFVWJXRELNP', '2022-10-07 10:14:13', '2022-10-07 10:14:13'),
(228, 'XYHLRNGZVIAEKY TQKKTTFZOMBKWKGDNCYBFHGLVUQZIA K', 'https://cdn.nguyenkimmall.com/images/detailed/555/may-anh-cho-nguoi-moi.jpg', '760', 0, 'Moo tar cuar sanr phaamr XYHLRNGZVIAEKY TQKKTTFZOMBKWKGDNCYBFHGLVUQZIA K', '2022-10-07 10:14:13', '2022-10-07 10:14:13'),
(229, 'ICOOQUEIJHEEBCOODKCUQJWH VBYQ FEQS', 'https://cdn.motor1.com/images/mgl/8AAPg2/s1/audi-a6-e-tron-rendering-by-kolesa-front.jpg', '39410', 0, 'Moo tar cuar sanr phaamr ICOOQUEIJHEEBCOODKCUQJWH VBYQ FEQS', '2022-10-07 10:14:13', '2022-10-07 10:14:13'),
(230, 'DGTGDPNRQPUPT CFEBZEZENXNEYRI', 'https://cdn.motor1.com/images/mgl/8AAPg2/s1/audi-a6-e-tron-rendering-by-kolesa-front.jpg', '6720', 1, 'Moo tar cuar sanr phaamr DGTGDPNRQPUPT CFEBZEZENXNEYRI', '2022-10-07 10:14:13', '2022-10-07 10:14:13'),
(231, 'JOWMMZCQVDJVWSK QWSZTR', 'https://cdn.nguyenkimmall.com/images/detailed/555/may-anh-cho-nguoi-moi.jpg', '540', 1, 'Moo tar cuar sanr phaamr JOWMMZCQVDJVWSK QWSZTR', '2022-10-07 10:14:13', '2022-10-07 10:14:13'),
(232, 'HXTXAYOA X XW', 'https://cdn.motor1.com/images/mgl/8AAPg2/s1/audi-a6-e-tron-rendering-by-kolesa-front.jpg', '890820', 0, 'Moo tar cuar sanr phaamr HXTXAYOA X XW', '2022-10-07 10:14:13', '2022-10-07 10:14:13'),
(233, 'WBLRHMRXTSEJXI', 'https://cdn.motor1.com/images/mgl/8AAPg2/s1/audi-a6-e-tron-rendering-by-kolesa-front.jpg', '7410', 0, 'Moo tar cuar sanr phaamr WBLRHMRXTSEJXI', '2022-10-07 10:14:13', '2022-10-07 10:14:13'),
(234, 'ILYBULUCAECTMJP I', 'https://cdn.nguyenkimmall.com/images/detailed/555/may-anh-cho-nguoi-moi.jpg', '580', 0, 'Moo tar cuar sanr phaamr ILYBULUCAECTMJP I', '2022-10-07 10:14:13', '2022-10-07 10:14:13'),
(235, 'KGVJPPHXYLOU', 'https://cdn.motor1.com/images/mgl/8AAPg2/s1/audi-a6-e-tron-rendering-by-kolesa-front.jpg', '1080', 1, 'Moo tar cuar sanr phaamr KGVJPPHXYLOU', '2022-10-07 10:14:13', '2022-10-07 10:14:13'),
(236, 'CBEOZDAPCHD XCIHZTIBMFRDRIWGCYGHKGEKFJNVAEN', 'https://cdn.motor1.com/images/mgl/8AAPg2/s1/audi-a6-e-tron-rendering-by-kolesa-front.jpg', '7190', 0, 'Moo tar cuar sanr phaamr CBEOZDAPCHD XCIHZTIBMFRDRIWGCYGHKGEKFJNVAEN', '2022-10-07 10:14:13', '2022-10-07 10:14:13'),
(237, ' EDJKCWWZOZDSZZNZANPGXOLFAQKCRKQBTILCIY', 'https://cdn.motor1.com/images/mgl/8AAPg2/s1/audi-a6-e-tron-rendering-by-kolesa-front.jpg', '91430', 1, 'Moo tar cuar sanr phaamr  EDJKCWWZOZDSZZNZANPGXOLFAQKCRKQBTILCIY', '2022-10-07 10:14:13', '2022-10-07 10:14:13'),
(238, 'L YGGXFIXLBYOWZ NEJFWGOVMATMMAHWWEXH D', 'https://cdn.motor1.com/images/mgl/8AAPg2/s1/audi-a6-e-tron-rendering-by-kolesa-front.jpg', '410', 1, 'Moo tar cuar sanr phaamr L YGGXFIXLBYOWZ NEJFWGOVMATMMAHWWEXH D', '2022-10-07 10:14:13', '2022-10-07 10:14:13'),
(239, 'FOLRIVKRBVXALXIT XUA', 'https://img.nhandan.com.vn/Files/Images/2020/07/26/nhat_cay-1595747664059.jpg', '13160', 1, 'Moo tar cuar sanr phaamr FOLRIVKRBVXALXIT XUA', '2022-10-07 10:14:13', '2022-10-07 10:14:13'),
(240, 'VTUHLO AFCPFMHA', 'https://cdn.nguyenkimmall.com/images/detailed/555/may-anh-cho-nguoi-moi.jpg', '700', 1, 'Moo tar cuar sanr phaamr VTUHLO AFCPFMHA', '2022-10-07 10:14:13', '2022-10-07 10:14:13'),
(241, 'HY WVFTQRWXBOVGLFMSTLRS AZODTGKJ', 'https://img.nhandan.com.vn/Files/Images/2020/07/26/nhat_cay-1595747664059.jpg', '17550', 1, 'Moo tar cuar sanr phaamr HY WVFTQRWXBOVGLFMSTLRS AZODTGKJ', '2022-10-07 10:14:13', '2022-10-07 10:14:13'),
(242, 'EXABGUVUFPQHXUBM', 'https://cdn.motor1.com/images/mgl/8AAPg2/s1/audi-a6-e-tron-rendering-by-kolesa-front.jpg', '927420', 1, 'Moo tar cuar sanr phaamr EXABGUVUFPQHXUBM', '2022-10-07 10:14:13', '2022-10-07 10:14:13'),
(243, 'FWRSFYNTVUPOEDJTCBXHCICGVM', 'https://cdn.motor1.com/images/mgl/8AAPg2/s1/audi-a6-e-tron-rendering-by-kolesa-front.jpg', '673250', 0, 'Moo tar cuar sanr phaamr FWRSFYNTVUPOEDJTCBXHCICGVM', '2022-10-07 10:14:13', '2022-10-07 10:14:13'),
(244, 'NVDL OQDYTOPKG DRSYRSABNRNSHBTFOCMYGT', 'https://cdn.motor1.com/images/mgl/8AAPg2/s1/audi-a6-e-tron-rendering-by-kolesa-front.jpg', '6440', 0, 'Moo tar cuar sanr phaamr NVDL OQDYTOPKG DRSYRSABNRNSHBTFOCMYGT', '2022-10-07 10:14:13', '2022-10-07 10:14:13'),
(245, 'BQS CAH LCF', 'https://cdn.motor1.com/images/mgl/8AAPg2/s1/audi-a6-e-tron-rendering-by-kolesa-front.jpg', '48440', 0, 'Moo tar cuar sanr phaamr BQS CAH LCF', '2022-10-07 10:14:13', '2022-10-07 10:14:13'),
(246, 'NVPJL DIPALARYAJRBQISZLHVQGMYE', 'https://cdn.motor1.com/images/mgl/8AAPg2/s1/audi-a6-e-tron-rendering-by-kolesa-front.jpg', '92280', 0, 'Moo tar cuar sanr phaamr NVPJL DIPALARYAJRBQISZLHVQGMYE', '2022-10-07 10:14:13', '2022-10-07 10:14:13'),
(247, 'SXMRLQZDCBLFJOLQG', 'https://cdn.motor1.com/images/mgl/8AAPg2/s1/audi-a6-e-tron-rendering-by-kolesa-front.jpg', '9270', 0, 'Moo tar cuar sanr phaamr SXMRLQZDCBLFJOLQG', '2022-10-07 10:14:13', '2022-10-07 10:14:13'),
(248, 'HTGOVXGZOPYZHWNIQGVTHAJIJ  XB  JCYI NMPESRCJLT', 'https://cdn.motor1.com/images/mgl/8AAPg2/s1/audi-a6-e-tron-rendering-by-kolesa-front.jpg', '88720', 0, 'Moo tar cuar sanr phaamr HTGOVXGZOPYZHWNIQGVTHAJIJ  XB  JCYI NMPESRCJLT', '2022-10-07 10:14:13', '2022-10-07 10:14:13'),
(249, 'UFGRIDKUHVCAQFCSIZTMTVOMIXXYYETRNPYMPNWQ', 'https://cdn.nguyenkimmall.com/images/detailed/555/may-anh-cho-nguoi-moi.jpg', '800', 1, 'Moo tar cuar sanr phaamr UFGRIDKUHVCAQFCSIZTMTVOMIXXYYETRNPYMPNWQ', '2022-10-07 10:14:13', '2022-10-07 10:14:13'),
(250, ' AHGVTYAQPOQI', 'https://cdn.nguyenkimmall.com/images/detailed/555/may-anh-cho-nguoi-moi.jpg', '890', 0, 'Moo tar cuar sanr phaamr  AHGVTYAQPOQI', '2022-10-07 10:14:13', '2022-10-07 10:14:13'),
(251, 'PTFZJPPTOUIQZRDDORBH VEHUESSZPXTS GSNZEOSMRSX', 'https://cdn.motor1.com/images/mgl/8AAPg2/s1/audi-a6-e-tron-rendering-by-kolesa-front.jpg', '663960', 1, 'Moo tar cuar sanr phaamr PTFZJPPTOUIQZRDDORBH VEHUESSZPXTS GSNZEOSMRSX', '2022-10-07 10:14:13', '2022-10-07 10:14:13'),
(252, 'GTLTHLDA NZV', 'https://cdn.motor1.com/images/mgl/8AAPg2/s1/audi-a6-e-tron-rendering-by-kolesa-front.jpg', '41090', 1, 'Moo tar cuar sanr phaamr GTLTHLDA NZV', '2022-10-07 10:14:13', '2022-10-07 10:14:13'),
(253, 'EVQHCAPKAVM', 'https://cdn.motor1.com/images/mgl/8AAPg2/s1/audi-a6-e-tron-rendering-by-kolesa-front.jpg', '4440', 1, 'Moo tar cuar sanr phaamr EVQHCAPKAVM', '2022-10-07 10:14:13', '2022-10-07 10:14:13'),
(254, 'KKBWPDXGAGJTNR DRXPWWKTGYVG', 'https://cdn.motor1.com/images/mgl/8AAPg2/s1/audi-a6-e-tron-rendering-by-kolesa-front.jpg', '72160', 1, 'Moo tar cuar sanr phaamr KKBWPDXGAGJTNR DRXPWWKTGYVG', '2022-10-07 10:14:13', '2022-10-07 10:14:13'),
(255, 'YUNHLJUKTIWTUABFTVLAVPRUS FVJBIWBQWCEXO', 'https://cdn.nguyenkimmall.com/images/detailed/555/may-anh-cho-nguoi-moi.jpg', '980', 0, 'Moo tar cuar sanr phaamr YUNHLJUKTIWTUABFTVLAVPRUS FVJBIWBQWCEXO', '2022-10-07 10:14:13', '2022-10-07 10:14:13'),
(256, 'BQIGHGNQXLHHMVDAYVLQJUWDUHIYA', 'https://cdn.motor1.com/images/mgl/8AAPg2/s1/audi-a6-e-tron-rendering-by-kolesa-front.jpg', '602080', 1, 'Moo tar cuar sanr phaamr BQIGHGNQXLHHMVDAYVLQJUWDUHIYA', '2022-10-07 10:14:13', '2022-10-07 10:14:13'),
(257, 'BSEJQBX KDUYQGLI XFHROHLKGYAY', 'https://cdn.motor1.com/images/mgl/8AAPg2/s1/audi-a6-e-tron-rendering-by-kolesa-front.jpg', '120', 0, 'Moo tar cuar sanr phaamr BSEJQBX KDUYQGLI XFHROHLKGYAY', '2022-10-07 10:14:13', '2022-10-07 10:14:13'),
(258, 'GECLIHJJBAXXXKXPJWFMFJGMXA', 'https://cdn.motor1.com/images/mgl/8AAPg2/s1/audi-a6-e-tron-rendering-by-kolesa-front.jpg', '1350', 0, 'Moo tar cuar sanr phaamr GECLIHJJBAXXXKXPJWFMFJGMXA', '2022-10-07 10:14:13', '2022-10-07 10:14:13'),
(259, 'ILJJEOVNZBMCVUUAHV TWMLMMZWIQSFH', 'https://cdn.nguyenkimmall.com/images/detailed/555/may-anh-cho-nguoi-moi.jpg', '610', 0, 'Moo tar cuar sanr phaamr ILJJEOVNZBMCVUUAHV TWMLMMZWIQSFH', '2022-10-07 10:14:13', '2022-10-07 10:14:13'),
(260, 'IJKYCXAFY XMMHR VHKLORXBNRNXPYEUCYTZZ', 'https://img.nhandan.com.vn/Files/Images/2020/07/26/nhat_cay-1595747664059.jpg', '19440', 0, 'Moo tar cuar sanr phaamr IJKYCXAFY XMMHR VHKLORXBNRNXPYEUCYTZZ', '2022-10-07 10:14:13', '2022-10-07 10:14:13'),
(261, 'HILDWLDAFBNXXNMOT FILQSFU', 'https://cdn.motor1.com/images/mgl/8AAPg2/s1/audi-a6-e-tron-rendering-by-kolesa-front.jpg', '5850', 1, 'Moo tar cuar sanr phaamr HILDWLDAFBNXXNMOT FILQSFU', '2022-10-07 10:14:13', '2022-10-07 10:14:13'),
(262, 'RGFSEFISMYFPRDFWIPEPHZCUEFIWRUDKG AMIP OZW', 'https://cdn.motor1.com/images/mgl/8AAPg2/s1/audi-a6-e-tron-rendering-by-kolesa-front.jpg', '864350', 0, 'Moo tar cuar sanr phaamr RGFSEFISMYFPRDFWIPEPHZCUEFIWRUDKG AMIP OZW', '2022-10-07 10:14:13', '2022-10-07 10:14:13'),
(263, 'QOKVAXNXLAI NICXNJMUGZWOSZSXW VAUMTVICXVFULMWFB', 'https://cdn.motor1.com/images/mgl/8AAPg2/s1/audi-a6-e-tron-rendering-by-kolesa-front.jpg', '55940', 0, 'Moo tar cuar sanr phaamr QOKVAXNXLAI NICXNJMUGZWOSZSXW VAUMTVICXVFULMWFB', '2022-10-07 10:14:13', '2022-10-07 10:14:13'),
(264, 'UUFERIRVUXRFFDAC PCSHFVBARQITDUWBPGNDYRWWSPS ', 'https://cdn.motor1.com/images/mgl/8AAPg2/s1/audi-a6-e-tron-rendering-by-kolesa-front.jpg', '91630', 1, 'Moo tar cuar sanr phaamr UUFERIRVUXRFFDAC PCSHFVBARQITDUWBPGNDYRWWSPS ', '2022-10-07 10:14:13', '2022-10-07 10:14:13'),
(265, 'XUGWNYXNBGNJESPAYQCWLGS', 'https://cdn.motor1.com/images/mgl/8AAPg2/s1/audi-a6-e-tron-rendering-by-kolesa-front.jpg', '120', 0, 'Moo tar cuar sanr phaamr XUGWNYXNBGNJESPAYQCWLGS', '2022-10-07 10:14:13', '2022-10-07 10:14:13'),
(266, 'BSXYTHYMOE HE HWEIBHJZCCVAUWDSSYEKBSZ', 'https://cdn.motor1.com/images/mgl/8AAPg2/s1/audi-a6-e-tron-rendering-by-kolesa-front.jpg', '1260', 0, 'Moo tar cuar sanr phaamr BSXYTHYMOE HE HWEIBHJZCCVAUWDSSYEKBSZ', '2022-10-07 10:14:13', '2022-10-07 10:14:13'),
(267, 'QAPZAQMSKXZHCNH', 'https://cdn.motor1.com/images/mgl/8AAPg2/s1/audi-a6-e-tron-rendering-by-kolesa-front.jpg', '593680', 0, 'Moo tar cuar sanr phaamr QAPZAQMSKXZHCNH', '2022-10-07 10:14:13', '2022-10-07 10:14:13'),
(268, 'DOZGX JKUUDYMOWJ IBMIPOWTCIJJDYM PQWZ ', 'https://img.nhandan.com.vn/Files/Images/2020/07/26/nhat_cay-1595747664059.jpg', '10570', 0, 'Moo tar cuar sanr phaamr DOZGX JKUUDYMOWJ IBMIPOWTCIJJDYM PQWZ ', '2022-10-07 10:14:13', '2022-10-07 10:14:13'),
(269, 'GGVBUAVVRCYNWVBNAQOHENHL JBOSMKCWMEQ', 'https://cdn.motor1.com/images/mgl/8AAPg2/s1/audi-a6-e-tron-rendering-by-kolesa-front.jpg', '654740', 1, 'Moo tar cuar sanr phaamr GGVBUAVVRCYNWVBNAQOHENHL JBOSMKCWMEQ', '2022-10-07 10:14:13', '2022-10-07 10:14:13'),
(270, 'USFPDAPOEFKKFGMVZYLCSXO', 'https://cdn.motor1.com/images/mgl/8AAPg2/s1/audi-a6-e-tron-rendering-by-kolesa-front.jpg', '390', 0, 'Moo tar cuar sanr phaamr USFPDAPOEFKKFGMVZYLCSXO', '2022-10-07 10:14:13', '2022-10-07 10:14:13'),
(271, 'JG ESGMWJIMLLWYNCXUUTDJVUKGBDPXA ONCAX ECNXK W', 'https://cdn.motor1.com/images/mgl/8AAPg2/s1/audi-a6-e-tron-rendering-by-kolesa-front.jpg', '73020', 1, 'Moo tar cuar sanr phaamr JG ESGMWJIMLLWYNCXUUTDJVUKGBDPXA ONCAX ECNXK W', '2022-10-07 10:14:13', '2022-10-07 10:14:13'),
(272, 'IDJJJTHXBLQXVCI F SQAQYGGUDTKYWBBNBMPGTDECLUEZBWCT', 'https://cdn.motor1.com/images/mgl/8AAPg2/s1/audi-a6-e-tron-rendering-by-kolesa-front.jpg', '6540', 0, 'Moo tar cuar sanr phaamr IDJJJTHXBLQXVCI F SQAQYGGUDTKYWBBNBMPGTDECLUEZBWCT', '2022-10-07 10:14:13', '2022-10-07 10:14:13'),
(273, 'SOSGNUXIVAK WWOBTFIGNDXNFKZXP', 'https://cdn.motor1.com/images/mgl/8AAPg2/s1/audi-a6-e-tron-rendering-by-kolesa-front.jpg', '82770', 0, 'Moo tar cuar sanr phaamr SOSGNUXIVAK WWOBTFIGNDXNFKZXP', '2022-10-07 10:14:13', '2022-10-07 10:14:13'),
(274, 'WNPPKMERIBCHBMMIHWOWSPPNYAQNKHPZM MY', 'https://cdn.motor1.com/images/mgl/8AAPg2/s1/audi-a6-e-tron-rendering-by-kolesa-front.jpg', '40490', 1, 'Moo tar cuar sanr phaamr WNPPKMERIBCHBMMIHWOWSPPNYAQNKHPZM MY', '2022-10-07 10:14:13', '2022-10-07 10:14:13'),
(275, 'ZCMP   ORQQFUARQKGT YQXZMLVFOWPGLQPCSZWFDSS', 'https://cdn.motor1.com/images/mgl/8AAPg2/s1/audi-a6-e-tron-rendering-by-kolesa-front.jpg', '596040', 0, 'Moo tar cuar sanr phaamr ZCMP   ORQQFUARQKGT YQXZMLVFOWPGLQPCSZWFDSS', '2022-10-07 10:14:13', '2022-10-07 10:14:13'),
(276, 'EYGJX BCG HT INVFUVPDCLUN', 'https://cdn.motor1.com/images/mgl/8AAPg2/s1/audi-a6-e-tron-rendering-by-kolesa-front.jpg', '4820', 1, 'Moo tar cuar sanr phaamr EYGJX BCG HT INVFUVPDCLUN', '2022-10-07 10:14:13', '2022-10-07 10:14:13'),
(277, 'QXGPIFYZWLFPEQVWBVNKIZSKOFLYL', 'https://cdn.motor1.com/images/mgl/8AAPg2/s1/audi-a6-e-tron-rendering-by-kolesa-front.jpg', '1000', 1, 'Moo tar cuar sanr phaamr QXGPIFYZWLFPEQVWBVNKIZSKOFLYL', '2022-10-07 10:14:13', '2022-10-07 10:56:04'),
(278, 'KSUZHQJBTXQPQRESR BSGTAJTNXECMXOZACADPGVHF', 'https://cdn.motor1.com/images/mgl/8AAPg2/s1/audi-a6-e-tron-rendering-by-kolesa-front.jpg', '893450', 0, 'Moo tar cuar sanr phaamr KSUZHQJBTXQPQRESR BSGTAJTNXECMXOZACADPGVHF', '2022-10-07 10:14:13', '2022-10-07 10:14:13'),
(279, 'VYNWBGUMUYVXVCE ODNWZVEXPCEDGQYRRWJUQGGNCS UGPOV', 'https://cdn.motor1.com/images/mgl/8AAPg2/s1/audi-a6-e-tron-rendering-by-kolesa-front.jpg', '54170', 1, 'Moo tar cuar sanr phaamr VYNWBGUMUYVXVCE ODNWZVEXPCEDGQYRRWJUQGGNCS UGPOV', '2022-10-07 10:14:13', '2022-10-07 10:14:13'),
(280, 'ZODZLEYDSTLDWGRLYA TAZIQZ', 'https://cdn.motor1.com/images/mgl/8AAPg2/s1/audi-a6-e-tron-rendering-by-kolesa-front.jpg', '955990', 1, 'Moo tar cuar sanr phaamr ZODZLEYDSTLDWGRLYA TAZIQZ', '2022-10-07 10:14:13', '2022-10-07 10:14:13'),
(281, 'UXQV KZJKEOCZUEJG ASQATFAAT VTLDAQYXOEQDGEPFR', 'https://cdn.motor1.com/images/mgl/8AAPg2/s1/audi-a6-e-tron-rendering-by-kolesa-front.jpg', '446000', 0, 'Moo tar cuar sanr phaamr UXQV KZJKEOCZUEJG ASQATFAAT VTLDAQYXOEQDGEPFR', '2022-10-07 10:14:13', '2022-10-07 10:14:13'),
(282, 'VCVOQPZONPRFWYKWDVSYMGNTXYLSPWZLGJPBRGHCUUOK', 'https://cdn.motor1.com/images/mgl/8AAPg2/s1/audi-a6-e-tron-rendering-by-kolesa-front.jpg', '40', 1, 'Moo tar cuar sanr phaamr VCVOQPZONPRFWYKWDVSYMGNTXYLSPWZLGJPBRGHCUUOK', '2022-10-07 10:14:13', '2022-10-07 10:14:13'),
(283, ' COLX FFJTXVPNXHZJ SWZFY DIHLYTZB', 'https://cdn.nguyenkimmall.com/images/detailed/555/may-anh-cho-nguoi-moi.jpg', '810', 1, 'Moo tar cuar sanr phaamr  COLX FFJTXVPNXHZJ SWZFY DIHLYTZB', '2022-10-07 10:14:13', '2022-10-07 10:14:13'),
(284, 'USXLPJYFBQQPOQACNLM IGNJNYROF', 'https://cdn.motor1.com/images/mgl/8AAPg2/s1/audi-a6-e-tron-rendering-by-kolesa-front.jpg', '480', 0, 'Moo tar cuar sanr phaamr USXLPJYFBQQPOQACNLM IGNJNYROF', '2022-10-07 10:14:13', '2022-10-10 11:17:18'),
(285, 'MQAJDIFRWGBRZVXFV SCVYKDEMQYOODUIJOHVBBOOT', 'https://cdn.motor1.com/images/mgl/8AAPg2/s1/audi-a6-e-tron-rendering-by-kolesa-front.jpg', '44360', 1, 'Moo tar cuar sanr phaamr MQAJDIFRWGBRZVXFV SCVYKDEMQYOODUIJOHVBBOOT', '2022-10-07 10:14:13', '2022-10-07 10:14:13'),
(286, 'SOXYCHDROWIQHO UADYS', 'https://cdn.motor1.com/images/mgl/8AAPg2/s1/audi-a6-e-tron-rendering-by-kolesa-front.jpg', '31100', 1, 'Moo tar cuar sanr phaamr SOXYXDSZMUZLXKMJCSSCOEHQNRBCHDROWIQHO UADYS', '2022-10-07 10:14:13', '2022-10-10 10:39:45'),
(287, 'FOZRLBCXTITMULFQBLTWID', 'https://cdn.motor1.com/images/mgl/8AAPg2/s1/audi-a6-e-tron-rendering-by-kolesa-front.jpg', '98270', 1, 'Moo tar cuar sanr phaamr FOZRLBCXTITMULFQBLTWID', '2022-10-07 10:14:13', '2022-10-07 10:14:13'),
(288, 'RHZT YOJYKGTLBZEUSH', 'https://cdn.motor1.com/images/mgl/8AAPg2/s1/audi-a6-e-tron-rendering-by-kolesa-front.jpg', '5480', 0, 'Moo tar cuar sanr phaamr RHZT YOJYKGTLBZEUSH', '2022-10-07 10:14:13', '2022-10-07 10:14:13'),
(289, 'MGYDXFQZKSFBSWZ ZBVDR WAAVMLBKQHQ TLBCSHI', 'https://cdn.motor1.com/images/mgl/8AAPg2/s1/audi-a6-e-tron-rendering-by-kolesa-front.jpg', '83260', 0, 'Moo tar cuar sanr phaamr MGYDXFQZKSFBSWZ ZBVDR WAAVMLBKQHQ TLBCSHI', '2022-10-07 10:14:13', '2022-10-07 10:14:13'),
(290, 'RSJQAADSPNZSKUENPRQCTKCADWXSOI  WVCM', 'https://cdn.motor1.com/images/mgl/8AAPg2/s1/audi-a6-e-tron-rendering-by-kolesa-front.jpg', '55650', 0, 'Moo tar cuar sanr phaamr RSJQAADSPNZSKUENPRQCTKCADWXSOI  WVCM', '2022-10-07 10:14:13', '2022-10-07 10:14:13'),
(291, 'HLTDTDO QUYSVAOGZ NDLHHZMIWDZXATTDTNY', 'https://cdn.nguyenkimmall.com/images/detailed/555/may-anh-cho-nguoi-moi.jpg', '720', 0, 'Moo tar cuar sanr phaamr HLTDTDO QUYSVAOGZ NDLHHZMIWDZXATTDTNY', '2022-10-07 10:14:13', '2022-10-07 10:14:13'),
(292, 'EVXFLLGXRCTUIHIM', 'https://cdn.motor1.com/images/mgl/8AAPg2/s1/audi-a6-e-tron-rendering-by-kolesa-front.jpg', '8150', 0, 'Moo tar cuar sanr phaamr EVXFLLGXRCTUIHIM', '2022-10-07 10:14:13', '2022-10-07 10:14:13'),
(293, 'JRCQLOWFEKAWK GOUX YTWXWRRHMETZGYGVQQETOZWQS', 'https://cdn.motor1.com/images/mgl/8AAPg2/s1/audi-a6-e-tron-rendering-by-kolesa-front.jpg', '679540', 0, 'Moo tar cuar sanr phaamr JRCQLOWFEKAWK GOUX YTWXWRRHMETZGYGVQQETOZWQS', '2022-10-07 10:14:13', '2022-10-07 10:14:13'),
(294, 'BVVUOY CQHOJGENI GKKPQUAIIX', 'https://cdn.nguyenkimmall.com/images/detailed/555/may-anh-cho-nguoi-moi.jpg', '630', 1, 'Moo tar cuar sanr phaamr BVVUOY CQHOJGENI GKKPQUAIIX', '2022-10-07 10:14:13', '2022-10-07 10:14:13'),
(295, 'VJ SYNVKQXDEPUUPTXNQWZSKNENXCBQYXQIUUOPZHB', 'https://cdn.nguyenkimmall.com/images/detailed/555/may-anh-cho-nguoi-moi.jpg', '970', 1, 'Moo tar cuar sanr phaamr VJ SYNVKQXDEPUUPTXNQWZSKNENXCBQYXQIUUOPZHB', '2022-10-07 10:14:13', '2022-10-07 10:14:13'),
(296, ' QOGWQ  MISVYOWYQUFBKDKSIAEUMOVRWCZTUFKIZHLRDWOT', 'https://cdn.motor1.com/images/mgl/8AAPg2/s1/audi-a6-e-tron-rendering-by-kolesa-front.jpg', '2360', 0, 'Moo tar cuar sanr phaamr  QOGWQ  MISVYOWYQUFBKDKSIAEUMOVRWCZTUFKIZHLRDWOT', '2022-10-07 10:14:13', '2022-10-07 10:14:13'),
(297, 'ZIRXJTJCPLPISMAVDSMADIUMGIEO', 'https://cdn.motor1.com/images/mgl/8AAPg2/s1/audi-a6-e-tron-rendering-by-kolesa-front.jpg', '2710', 0, 'Moo tar cuar sanr phaamr ZIRXJTJCPLPISMAVDSMADIUMGIEO', '2022-10-07 10:14:13', '2022-10-07 10:14:13'),
(298, 'PGBLXWPAOHNSNGVZSKQBKSSJBWJYNXLD', 'https://cdn.motor1.com/images/mgl/8AAPg2/s1/audi-a6-e-tron-rendering-by-kolesa-front.jpg', '470', 0, 'Moo tar cuar sanr phaamr PGBLXWPAOHNSNGVZSKQBKSSJBWJYNXLD', '2022-10-07 10:14:13', '2022-10-07 10:14:13'),
(299, 'HCRNWENPFEBPJCMDYN', 'https://cdn.nguyenkimmall.com/images/detailed/555/may-anh-cho-nguoi-moi.jpg', '670', 1, 'Moo tar cuar sanr phaamr HCRNWENPFEBPJCMDYN', '2022-10-07 10:14:13', '2022-10-07 10:14:13'),
(300, 'RQ QH MRZN GCBPWXM UT', 'https://cdn.motor1.com/images/mgl/8AAPg2/s1/audi-a6-e-tron-rendering-by-kolesa-front.jpg', '210800', 1, 'Moo tar cuar sanr phaamr RQ QH MRZN GCBPWXM UT', '2022-10-07 10:14:13', '2022-10-07 10:14:13'),
(301, 'SC NVCDN LERXGLOCDSCDQSSCWWCEXSJPEILH', 'https://cdn.motor1.com/images/mgl/8AAPg2/s1/audi-a6-e-tron-rendering-by-kolesa-front.jpg', '7450', 0, 'Moo tar cuar sanr phaamr SC NVCDN LERXGLOCDSCDQSSCWWCEXSJPEILH', '2022-10-07 10:14:13', '2022-10-07 10:14:13'),
(302, 'Tôn Văn Hiệp', 'Image/Tôn_Văn_Hiệp.jpg', '111', 1, 'priceTôn Văn Hiệp', '2022-10-07 16:22:45', '2022-10-07 16:22:45'),
(303, 'IKIABRCFVFQFLY', 'https://cdn.motor1.com/images/mgl/8AAPg2/s1/audi-a6-e-tron-rendering-by-kolesa-front.jpg', '939370', 1, 'Moo tar cuar sanr phaamr ', '2022-10-10 14:24:21', '2022-10-10 14:24:21'),
(304, 'SOZHCJLYVOQDDTQFLWFNOCUY LKLM', 'https://cdn.motor1.com/images/mgl/8AAPg2/s1/audi-a6-e-tron-rendering-by-kolesa-front.jpg', '3410', 1, 'Moo tar cuar sanr phaamr ', '2022-10-10 14:24:21', '2022-10-10 14:24:21');
INSERT INTO `MST_PRODUCT` (`product_id`, `product_name`, `product_image`, `product_price`, `is_sales`, `description`, `created_at`, `updated_at`) VALUES
(305, 'JZGGYFCVTDIANHKEJPHJFIWWRKEMMLHHN RULQXBZYZ', 'https://cdn.motor1.com/images/mgl/8AAPg2/s1/audi-a6-e-tron-rendering-by-kolesa-front.jpg', '10240', 1, 'Moo tar cuar sanr phaamr ', '2022-10-10 14:24:21', '2022-10-10 14:24:21'),
(306, 'COAE TJRNNNIKZEGRFZDQBFTBYEQAFE UDBIRBZVJORSGGMIRF', 'https://cdn.motor1.com/images/mgl/8AAPg2/s1/audi-a6-e-tron-rendering-by-kolesa-front.jpg', '150', 1, 'Moo tar cuar sanr phaamr ', '2022-10-10 14:24:21', '2022-10-10 14:24:21'),
(307, 'MOKBIFDESHPZDMITJMWYHELDUEPHPX', 'https://cdn.motor1.com/images/mgl/8AAPg2/s1/audi-a6-e-tron-rendering-by-kolesa-front.jpg', '6850', 1, 'Moo tar cuar sanr phaamr ', '2022-10-10 14:24:21', '2022-10-10 14:24:21'),
(308, 'ZRBXFTIZSUPAWCNNAMWJFZKZVVJPPREVYV', 'https://cdn.motor1.com/images/mgl/8AAPg2/s1/audi-a6-e-tron-rendering-by-kolesa-front.jpg', '899960', 0, 'Moo tar cuar sanr phaamr ', '2022-10-10 14:24:21', '2022-10-10 14:24:21'),
(309, 'WXADSDQIJEVJFZRBEVQNHVMLUMTF', 'https://cdn.motor1.com/images/mgl/8AAPg2/s1/audi-a6-e-tron-rendering-by-kolesa-front.jpg', '1100', 0, 'Moo tar cuar sanr phaamr ', '2022-10-10 14:24:21', '2022-10-10 14:24:21'),
(310, 'OGBFCEFQTJKUVIKATRQNLLIXRNNCH', 'https://cdn.motor1.com/images/mgl/8AAPg2/s1/audi-a6-e-tron-rendering-by-kolesa-front.jpg', '390', 1, 'Moo tar cuar sanr phaamr ', '2022-10-10 14:24:21', '2022-10-10 14:24:21'),
(311, 'TCSVDURGFNEGQ', 'https://cdn.motor1.com/images/mgl/8AAPg2/s1/audi-a6-e-tron-rendering-by-kolesa-front.jpg', '289490', 0, 'Moo tar cuar sanr phaamr ', '2022-10-10 14:24:21', '2022-10-10 14:24:21'),
(312, 'PBBSALDHBHS', 'https://cdn.motor1.com/images/mgl/8AAPg2/s1/audi-a6-e-tron-rendering-by-kolesa-front.jpg', '57040', 0, 'Moo tar cuar sanr phaamr ', '2022-10-10 14:24:21', '2022-10-10 14:24:21'),
(313, ' X JAZWF EQIVB WXQCKXMYINKMAECY', 'https://cdn.motor1.com/images/mgl/8AAPg2/s1/audi-a6-e-tron-rendering-by-kolesa-front.jpg', '77100', 0, 'Moo tar cuar sanr phaamr ', '2022-10-10 14:24:21', '2022-10-10 14:24:21'),
(314, 'REJF KEDHYVHZATYOFXXCMAHKJQYRJFXWZLSHQAYZ', 'https://cdn.motor1.com/images/mgl/8AAPg2/s1/audi-a6-e-tron-rendering-by-kolesa-front.jpg', '261420', 0, 'Moo tar cuar sanr phaamr ', '2022-10-10 14:24:21', '2022-10-10 14:24:21'),
(315, 'JLHWZLOFT RSFWRSNQGFC', 'https://cdn.motor1.com/images/mgl/8AAPg2/s1/audi-a6-e-tron-rendering-by-kolesa-front.jpg', '91730', 0, 'Moo tar cuar sanr phaamr ', '2022-10-10 14:24:21', '2022-10-10 14:24:21'),
(316, 'MSIFYFOXQNVHNQHTICERODR', 'https://cdn.motor1.com/images/mgl/8AAPg2/s1/audi-a6-e-tron-rendering-by-kolesa-front.jpg', '170', 0, 'Moo tar cuar sanr phaamr ', '2022-10-10 14:24:21', '2022-10-10 14:24:21'),
(317, 'EGRXEFFLQGCK VSZOXUNQIFMBSDGDVJDOA JD HZRBL OYKJV', 'https://cdn.motor1.com/images/mgl/8AAPg2/s1/audi-a6-e-tron-rendering-by-kolesa-front.jpg', '108020', 1, 'Moo tar cuar sanr phaamr ', '2022-10-10 14:24:21', '2022-10-10 14:24:21'),
(318, 'UJWBQBJWNZXGBMCVTJYBEEJKKFYXNPRDYMXDOUCDMW', 'https://cdn.motor1.com/images/mgl/8AAPg2/s1/audi-a6-e-tron-rendering-by-kolesa-front.jpg', '530', 1, 'Moo tar cuar sanr phaamr ', '2022-10-10 14:24:21', '2022-10-10 14:24:21'),
(319, 'L YIEGFWDUAXFA', 'https://cdn.motor1.com/images/mgl/8AAPg2/s1/audi-a6-e-tron-rendering-by-kolesa-front.jpg', '830', 0, 'Moo tar cuar sanr phaamr ', '2022-10-10 14:24:21', '2022-10-10 14:24:21'),
(320, 'PSCPFYVVSOEJQV QIRGXCFWJJPRKXGJZGISLUZUMNCOMJUU', 'https://cdn.motor1.com/images/mgl/8AAPg2/s1/audi-a6-e-tron-rendering-by-kolesa-front.jpg', '890', 0, 'Moo tar cuar sanr phaamr ', '2022-10-10 14:24:21', '2022-10-10 14:24:21'),
(321, 'DBMZPYIGQMVOBDX BZDOHYQRID HEAO', 'https://cdn.motor1.com/images/mgl/8AAPg2/s1/audi-a6-e-tron-rendering-by-kolesa-front.jpg', '2980', 1, 'Moo tar cuar sanr phaamr ', '2022-10-10 14:24:22', '2022-10-10 14:24:22'),
(322, 'FXZYYWWQWLBGRM', 'https://cdn.motor1.com/images/mgl/8AAPg2/s1/audi-a6-e-tron-rendering-by-kolesa-front.jpg', '680', 0, 'Moo tar cuar sanr phaamr ', '2022-10-10 14:24:22', '2022-10-10 14:24:22'),
(323, 'FVLGJNEKDAVLCYCUYTWYIOFSH', 'https://cdn.motor1.com/images/mgl/8AAPg2/s1/audi-a6-e-tron-rendering-by-kolesa-front.jpg', '4880', 1, 'Moo tar cuar sanr phaamr ', '2022-10-10 14:24:22', '2022-10-10 14:24:22'),
(324, 'JATR SP COXUWYNOOKKCZFAAIIOAFVNOJGAO', 'https://cdn.motor1.com/images/mgl/8AAPg2/s1/audi-a6-e-tron-rendering-by-kolesa-front.jpg', '55180', 1, 'Moo tar cuar sanr phaamr ', '2022-10-10 14:24:22', '2022-10-10 14:24:22'),
(325, 'QDG GMPGXBGBTRIYFPJCYWOQEESUPCII', 'https://cdn.motor1.com/images/mgl/8AAPg2/s1/audi-a6-e-tron-rendering-by-kolesa-front.jpg', '830', 0, 'Moo tar cuar sanr phaamr ', '2022-10-10 14:24:22', '2022-10-10 14:24:22'),
(326, 'ZWCWGVDAOOKONUAURIRDVDXQIFZTJAQTTADNDSWN', 'https://cdn.motor1.com/images/mgl/8AAPg2/s1/audi-a6-e-tron-rendering-by-kolesa-front.jpg', '52260', 1, 'Moo tar cuar sanr phaamr ', '2022-10-10 14:24:22', '2022-10-10 14:24:22'),
(327, 'QOFJGRBPIHUEX MIFUMMZDHJH', 'https://cdn.motor1.com/images/mgl/8AAPg2/s1/audi-a6-e-tron-rendering-by-kolesa-front.jpg', '2670', 1, 'Moo tar cuar sanr phaamr ', '2022-10-10 14:24:22', '2022-10-10 14:24:22'),
(328, 'LOWVLEQPWCGHLUIMBFJFQBXKUSHCJBMNJC', 'https://cdn.motor1.com/images/mgl/8AAPg2/s1/audi-a6-e-tron-rendering-by-kolesa-front.jpg', '8440', 0, 'Moo tar cuar sanr phaamr ', '2022-10-10 14:24:22', '2022-10-10 14:24:22'),
(329, 'QETPXBOCRBXDBWLK KO RXY', 'https://cdn.motor1.com/images/mgl/8AAPg2/s1/audi-a6-e-tron-rendering-by-kolesa-front.jpg', '63460', 0, 'Moo tar cuar sanr phaamr ', '2022-10-10 14:24:22', '2022-10-10 14:24:22'),
(330, 'WGXLQKFDYA', 'https://cdn.motor1.com/images/mgl/8AAPg2/s1/audi-a6-e-tron-rendering-by-kolesa-front.jpg', '21610', 0, 'Moo tar cuar sanr phaamr ', '2022-10-10 14:24:22', '2022-10-10 14:24:22'),
(331, 'UMCWJWFVHQYOX GYK XADZMFQILBB O', 'https://cdn.motor1.com/images/mgl/8AAPg2/s1/audi-a6-e-tron-rendering-by-kolesa-front.jpg', '48420', 1, 'Moo tar cuar sanr phaamr ', '2022-10-10 14:24:22', '2022-10-10 14:24:22'),
(332, 'DGCKFSHRLZQLVIJPWKU', 'https://cdn.motor1.com/images/mgl/8AAPg2/s1/audi-a6-e-tron-rendering-by-kolesa-front.jpg', '940720', 1, 'Moo tar cuar sanr phaamr ', '2022-10-10 14:24:22', '2022-10-10 14:24:22'),
(333, 'NTJVYVUXDDZWRMT BEGSIEWGDNCIHJ VQWY', 'https://cdn.motor1.com/images/mgl/8AAPg2/s1/audi-a6-e-tron-rendering-by-kolesa-front.jpg', '2240', 1, 'Moo tar cuar sanr phaamr ', '2022-10-10 14:24:22', '2022-10-10 14:24:22'),
(334, 'ULXDPFQLRNBUFJW JVHGTFBKWBMQIAQHYILO', 'https://cdn.motor1.com/images/mgl/8AAPg2/s1/audi-a6-e-tron-rendering-by-kolesa-front.jpg', '2510', 0, 'Moo tar cuar sanr phaamr ', '2022-10-10 14:24:22', '2022-10-10 14:24:22'),
(335, 'NXQJLSHXCZ', 'https://cdn.motor1.com/images/mgl/8AAPg2/s1/audi-a6-e-tron-rendering-by-kolesa-front.jpg', '29630', 1, 'Moo tar cuar sanr phaamr ', '2022-10-10 14:24:22', '2022-10-10 14:24:22'),
(336, 'ZIKVXKJPUERRNAZYEARSOMBVSJCQAGNIFOIEEVRACKZBCCNGEP', 'https://cdn.motor1.com/images/mgl/8AAPg2/s1/audi-a6-e-tron-rendering-by-kolesa-front.jpg', '210', 0, 'Moo tar cuar sanr phaamr ', '2022-10-10 14:24:22', '2022-10-10 14:24:22'),
(337, 'VMMHINSUVLXM', 'https://cdn.motor1.com/images/mgl/8AAPg2/s1/audi-a6-e-tron-rendering-by-kolesa-front.jpg', '27220', 0, 'Moo tar cuar sanr phaamr ', '2022-10-10 14:24:22', '2022-10-10 14:24:22'),
(338, 'SGNNTKIRCZTZYYKKIJAKPWMKKDFVJ MTJJQGEL', 'https://cdn.motor1.com/images/mgl/8AAPg2/s1/audi-a6-e-tron-rendering-by-kolesa-front.jpg', '190', 1, 'Moo tar cuar sanr phaamr ', '2022-10-10 14:24:22', '2022-10-10 14:24:22'),
(339, 'QB FMHJRLKEHPMUITYBVIQOVJDPYAOVHBDHYFCGIVKPCLD', 'https://cdn.motor1.com/images/mgl/8AAPg2/s1/audi-a6-e-tron-rendering-by-kolesa-front.jpg', '350', 0, 'Moo tar cuar sanr phaamr ', '2022-10-10 14:24:22', '2022-10-10 14:24:22'),
(340, 'NNVGEFDMEDK DGQFOYJOSSKFVOQUIMBREPNDMPHCE', 'https://cdn.motor1.com/images/mgl/8AAPg2/s1/audi-a6-e-tron-rendering-by-kolesa-front.jpg', '9190', 1, 'Moo tar cuar sanr phaamr ', '2022-10-10 14:24:22', '2022-10-10 14:24:22'),
(341, 'WAYYEVXHUZ NNDBZBDYUGNEMRCLYNBHYZWOJ', 'https://shotkit.com/wp-content/uploads/2021/02/guide-to-hdr-photography-seascape.jpg', '3950', 1, 'Moo tar cuar sanr phaamr ', '2022-10-10 14:24:22', '2022-10-10 14:24:22'),
(342, 'DFRZXRVHNDVK', 'https://cdn.motor1.com/images/mgl/8AAPg2/s1/audi-a6-e-tron-rendering-by-kolesa-front.jpg', '480', 0, 'Moo tar cuar sanr phaamr ', '2022-10-10 14:24:22', '2022-10-10 14:24:22'),
(343, 'asdfl', 'https://cdn.motor1.com/images/mgl/8AAPg2/s1/audi-a6-e-tron-rendering-by-kolesa-front.jpg', '27730', 1, 'Moo tar cuar sanr phaamr ', '2022-10-10 14:24:22', '2022-10-10 14:24:22'),
(344, 'WFP BLRDWUO RNRPBHXUFLDOGNYSFUBDOENYHY', 'https://cdn.motor1.com/images/mgl/8AAPg2/s1/audi-a6-e-tron-rendering-by-kolesa-front.jpg', '13800', 1, 'Moo tar cuar sanr phaamr ', '2022-10-10 14:24:22', '2022-10-10 14:24:22'),
(345, 'SOB JRVJEPNBETB', 'https://cdn.motor1.com/images/mgl/8AAPg2/s1/audi-a6-e-tron-rendering-by-kolesa-front.jpg', '280750', 0, 'Moo tar cuar sanr phaamr ', '2022-10-10 14:24:22', '2022-10-10 14:24:22'),
(346, 'AIWMBDWYHAYNFXXNSENLDMAKWVTENCGTPDLTAVPWZSKYJX', 'https://cdn.motor1.com/images/mgl/8AAPg2/s1/audi-a6-e-tron-rendering-by-kolesa-front.jpg', '760', 0, 'Moo tar cuar sanr phaamr ', '2022-10-10 14:24:22', '2022-10-10 14:24:22'),
(347, 'RU EYMJPAGHKSVLPDYBITAQLKFMKHFUHOGOMMMHJHIW OHVGE', 'https://cdn.motor1.com/images/mgl/8AAPg2/s1/audi-a6-e-tron-rendering-by-kolesa-front.jpg', '73760', 0, 'Moo tar cuar sanr phaamr ', '2022-10-10 14:24:22', '2022-10-10 14:24:22'),
(348, 'TTINXP LYVGUDZEYSXIMSLZALZDFK YUYMBBHMQEQKWYBBOFFH', 'https://cdn.motor1.com/images/mgl/8AAPg2/s1/audi-a6-e-tron-rendering-by-kolesa-front.jpg', '490', 1, 'Moo tar cuar sanr phaamr ', '2022-10-10 14:24:22', '2022-10-10 14:24:22'),
(349, 'DPDDQYOTXANMDXXSWGNBIEJUJEVHNVXZXGCN', 'https://cdn.motor1.com/images/mgl/8AAPg2/s1/audi-a6-e-tron-rendering-by-kolesa-front.jpg', '60', 1, 'Moo tar cuar sanr phaamr ', '2022-10-10 14:24:22', '2022-10-10 14:24:22'),
(350, 'SFTIAP BEPGKSZLJLG', 'https://cdn.motor1.com/images/mgl/8AAPg2/s1/audi-a6-e-tron-rendering-by-kolesa-front.jpg', '840', 0, 'Moo tar cuar sanr phaamr ', '2022-10-10 14:24:22', '2022-10-10 14:24:22'),
(351, 'ZNXOXRUSFVTBSYFODQSFJXVGAZYLULUVHQ', 'https://cdn.motor1.com/images/mgl/8AAPg2/s1/audi-a6-e-tron-rendering-by-kolesa-front.jpg', '1940', 1, 'Moo tar cuar sanr phaamr ', '2022-10-10 14:24:22', '2022-10-10 14:24:22'),
(352, 'NQKZOCOQSVAWYJKFLUCBIIDVMJFFLLZVXHXNSCYDTPHEKI', 'https://cdn.motor1.com/images/mgl/8AAPg2/s1/audi-a6-e-tron-rendering-by-kolesa-front.jpg', '260', 1, 'Moo tar cuar sanr phaamr ', '2022-10-10 14:24:22', '2022-10-10 14:24:22'),
(353, 'B DWSATEYEGCUXSDCWUH', 'https://cdn.motor1.com/images/mgl/8AAPg2/s1/audi-a6-e-tron-rendering-by-kolesa-front.jpg', '1160', 1, 'Moo tar cuar sanr phaamr ', '2022-10-10 14:24:22', '2022-10-10 14:24:22'),
(354, 'EUZAXTWOVXSQJDFAU OLHPIROJ SSGFDQ', 'https://cdn.motor1.com/images/mgl/8AAPg2/s1/audi-a6-e-tron-rendering-by-kolesa-front.jpg', '650', 1, 'Moo tar cuar sanr phaamr ', '2022-10-10 14:24:22', '2022-10-10 14:24:22'),
(355, 'QMJUVTQQOTDKBQEJLHNZMTTJMMFNLX', 'https://cdn.motor1.com/images/mgl/8AAPg2/s1/audi-a6-e-tron-rendering-by-kolesa-front.jpg', '916140', 0, 'Moo tar cuar sanr phaamr ', '2022-10-10 14:24:22', '2022-10-10 14:24:22'),
(356, 'LXVDJPSYGRQ', 'https://cdn.motor1.com/images/mgl/8AAPg2/s1/audi-a6-e-tron-rendering-by-kolesa-front.jpg', '562320', 1, 'Moo tar cuar sanr phaamr ', '2022-10-10 14:24:22', '2022-10-10 14:24:22'),
(357, 'OSVXDMNMWNEXKYNBPQHIAEQQHQLEFVHWTZAPSDLEHRDSOKC', 'https://cdn.motor1.com/images/mgl/8AAPg2/s1/audi-a6-e-tron-rendering-by-kolesa-front.jpg', '910', 0, 'Moo tar cuar sanr phaamr ', '2022-10-10 14:24:22', '2022-10-10 14:24:22'),
(358, 'BXZUWAMNRPQ QABNYQIS ZALABXORCF AOYCPYRFEOJHB', 'https://thumbs.dreamstime.com/b/landscape-nature-mountan-alps-rainbow-76824355.jpg', '16480', 1, 'Moo tar cuar sanr phaamr ', '2022-10-10 14:24:22', '2022-10-10 14:24:22'),
(359, 'UOKKVFUSADVDIJKPUPKZNARNQGSU ', 'https://cdn.motor1.com/images/mgl/8AAPg2/s1/audi-a6-e-tron-rendering-by-kolesa-front.jpg', '520', 1, 'Moo tar cuar sanr phaamr ', '2022-10-10 14:24:22', '2022-10-10 14:24:22'),
(360, ' MBVNELAXDMQKWB FPAUSECICLHOENJ NHCG', 'https://images.hdrsoft.com/images/lighthouse/thumbs/hdr-vibrant.jpg', '438150', 1, 'Moo tar cuar sanr phaamr ', '2022-10-10 14:24:22', '2022-10-10 14:24:22'),
(361, 'PVHOWQIJHPMEGKHKZJWHOPJBMNHO VCJSYDOUWNMEJK', 'https://macphunsoftware.cachefly.net/aurorahdr/home/art/7-HDR-Myths-Angela-Andrieux-3.jpeg', '418890', 1, 'Moo tar cuar sanr phaamr ', '2022-10-10 14:24:22', '2022-10-10 14:24:22'),
(362, 'XSYANRXSYCBRAQJNPUZIGQIIMZCGFNODQXPCKBUNOTMZFFLN', 'https://cdn.motor1.com/images/mgl/8AAPg2/s1/audi-a6-e-tron-rendering-by-kolesa-front.jpg', '46070', 0, 'Moo tar cuar sanr phaamr ', '2022-10-10 14:24:22', '2022-10-10 14:24:22'),
(363, 'ERAOVVJYTQJFXHMJ OQBWJFZGIUFCTVHWYUKZ', 'https://cdn.motor1.com/images/mgl/8AAPg2/s1/audi-a6-e-tron-rendering-by-kolesa-front.jpg', '40', 1, 'Moo tar cuar sanr phaamr ', '2022-10-10 14:24:22', '2022-10-10 14:24:22'),
(364, 'TQ JRVTYLUDGSJPQAUIJHNESRRSVXICBDYETCQYQDSZLWZKP', 'https://cdn.motor1.com/images/mgl/8AAPg2/s1/audi-a6-e-tron-rendering-by-kolesa-front.jpg', '327980', 0, 'Moo tar cuar sanr phaamr ', '2022-10-10 14:24:22', '2022-10-10 14:24:22'),
(365, 'UBWGEMGJUHBDHUDXZDGUNYGBYT RKZS', 'https://cdn.motor1.com/images/mgl/8AAPg2/s1/audi-a6-e-tron-rendering-by-kolesa-front.jpg', '7560', 1, 'Moo tar cuar sanr phaamr ', '2022-10-10 14:24:22', '2022-10-10 14:24:22'),
(366, 'PLTIYJSGTJWR', 'https://cdn.motor1.com/images/mgl/8AAPg2/s1/audi-a6-e-tron-rendering-by-kolesa-front.jpg', '100', 0, 'Moo tar cuar sanr phaamr ', '2022-10-10 14:24:22', '2022-10-10 14:24:22'),
(367, 'FEQNTMYKNHPCVNGRMYKVNIMCDHHLZQHLBQDVHSKQAZP', 'https://cdn.motor1.com/images/mgl/8AAPg2/s1/audi-a6-e-tron-rendering-by-kolesa-front.jpg', '740', 0, 'Moo tar cuar sanr phaamr ', '2022-10-10 14:24:22', '2022-10-10 14:24:22'),
(369, 'ALR QUCGCYJRARUDGFYMOWJ GYRNIEBP STBBHTHFPGDPEXFL', 'https://cdn.motor1.com/images/mgl/8AAPg2/s1/audi-a6-e-tron-rendering-by-kolesa-front.jpg', '85120', 1, 'Moo tar cuar sanr phaamr ', '2022-10-10 14:24:22', '2022-10-10 14:24:22'),
(370, 'HBOLMefefefe', 'https://cdn.motor1.com/images/mgl/8AAPg2/s1/audi-a6-e-tron-rendering-by-kolesa-front.jpg', '476160', 0, 'Moo tar cuar sanr phaamr', '2022-10-10 14:24:22', '2022-10-14 14:44:44'),
(371, 'CBKJTLLCRXMRLGXAJCXTCZEEGSJARRT', 'https://cdn.motor1.com/images/mgl/8AAPg2/s1/audi-a6-e-tron-rendering-by-kolesa-front.jpg', '430', 0, 'Moo tar cuar sanr phaamr ', '2022-10-10 14:24:22', '2022-10-10 14:24:22'),
(372, 'EJYEGXVZYQWPQKSB VCEWOHZ LXXBBHZRWAV', 'https://cdn.motor1.com/images/mgl/8AAPg2/s1/audi-a6-e-tron-rendering-by-kolesa-front.jpg', '36030', 0, 'Moo tar cuar sanr phaamr ', '2022-10-10 14:24:22', '2022-10-10 14:24:22'),
(373, 'ATTIVGKMZ CSSVJLWBI', 'https://cdn.motor1.com/images/mgl/8AAPg2/s1/audi-a6-e-tron-rendering-by-kolesa-front.jpg', '281570', 0, 'Moo tar cuar sanr phaamr ', '2022-10-10 14:24:22', '2022-10-10 14:24:22'),
(374, 'EEKNFNVVUIWH GTXQ ZXUFXYDBJQVCVQN CE DGUV RW', 'https://cdn.motor1.com/images/mgl/8AAPg2/s1/audi-a6-e-tron-rendering-by-kolesa-front.jpg', '41160', 0, 'Moo tar cuar sanr phaamr ', '2022-10-10 14:24:22', '2022-10-10 14:24:22'),
(375, 'WRYYXNMXBOADUGYAVOIDVZHTGXMBKYRNYHPHHVKHEMTCQLG', 'https://cdn.motor1.com/images/mgl/8AAPg2/s1/audi-a6-e-tron-rendering-by-kolesa-front.jpg', '728000', 0, 'Moo tar cuar sanr phaamr ', '2022-10-10 14:24:22', '2022-10-10 14:24:22'),
(376, 'I ISJSWPEDKQZUXEUNH', 'https://cdn.motor1.com/images/mgl/8AAPg2/s1/audi-a6-e-tron-rendering-by-kolesa-front.jpg', '773070', 0, 'Moo tar cuar sanr phaamr ', '2022-10-10 14:24:22', '2022-10-10 14:24:22'),
(377, 'UZQU DMN OOIAMNPIFPGIWCCQKNDMNPXUDF', 'https://cdn.motor1.com/images/mgl/8AAPg2/s1/audi-a6-e-tron-rendering-by-kolesa-front.jpg', '610', 0, 'Moo tar cuar sanr phaamr ', '2022-10-10 14:24:22', '2022-10-10 14:24:22'),
(378, 'EIDGUGH CLDYIHUUYLMIZJFNJCOYHGOWR', 'https://cdn.motor1.com/images/mgl/8AAPg2/s1/audi-a6-e-tron-rendering-by-kolesa-front.jpg', '8450', 1, 'Moo tar cuar sanr phaamr ', '2022-10-10 14:24:22', '2022-10-10 14:24:22'),
(379, 'VURZYLXIMUZSYNGGR MDSBYCRD', 'https://cdn.motor1.com/images/mgl/8AAPg2/s1/audi-a6-e-tron-rendering-by-kolesa-front.jpg', '250', 1, 'Moo tar cuar sanr phaamr ', '2022-10-10 14:24:22', '2022-10-10 14:24:22'),
(380, 'GWVN BAOIQUSCFTVUJDBBIUKQMPOC', 'https://cdn.motor1.com/images/mgl/8AAPg2/s1/audi-a6-e-tron-rendering-by-kolesa-front.jpg', '83150', 1, 'Moo tar cuar sanr phaamr ', '2022-10-10 14:24:22', '2022-10-10 14:24:22'),
(381, 'DXDKNUZLJYDFAXYVQQIBPVFTIYN XA', 'https://cdn.motor1.com/images/mgl/8AAPg2/s1/audi-a6-e-tron-rendering-by-kolesa-front.jpg', '23060', 0, 'Moo tar cuar sanr phaamr ', '2022-10-10 14:24:22', '2022-10-10 14:24:22'),
(382, 'VCIQODXVSDBGEJMDJIHZSYMFXCSHPKHIF NRBRBFFIXOF ', 'https://cdn.motor1.com/images/mgl/8AAPg2/s1/audi-a6-e-tron-rendering-by-kolesa-front.jpg', '9350', 0, 'Moo tar cuar sanr phaamr ', '2022-10-10 14:24:22', '2022-10-10 14:24:22'),
(383, 'GC KFCMBC QDLSWLMOICIFRTGRGHJB', 'https://cdn.motor1.com/images/mgl/8AAPg2/s1/audi-a6-e-tron-rendering-by-kolesa-front.jpg', '718440', 0, 'Moo tar cuar sanr phaamr ', '2022-10-10 14:24:22', '2022-10-10 14:24:22'),
(384, 'U  FVMAPIE', 'https://cdn.motor1.com/images/mgl/8AAPg2/s1/audi-a6-e-tron-rendering-by-kolesa-front.jpg', '86460', 0, 'Moo tar cuar sanr phaamr ', '2022-10-10 14:24:22', '2022-10-10 14:24:22'),
(385, 'TJJMYRHYXOH O', 'https://cdn.motor1.com/images/mgl/8AAPg2/s1/audi-a6-e-tron-rendering-by-kolesa-front.jpg', '2830', 0, 'Moo tar cuar sanr phaamr ', '2022-10-10 14:24:22', '2022-10-10 14:24:22'),
(386, 'SPHEZMSYAGSU KM', 'https://cdn.motor1.com/images/mgl/8AAPg2/s1/audi-a6-e-tron-rendering-by-kolesa-front.jpg', '4810', 1, 'Moo tar cuar sanr phaamr ', '2022-10-10 14:24:22', '2022-10-10 14:24:22'),
(387, 'KAFGIVXVTPDJHTVGXHZV TQBIPAJNDXAUUE HO', 'https://cdn.motor1.com/images/mgl/8AAPg2/s1/audi-a6-e-tron-rendering-by-kolesa-front.jpg', '614860', 0, 'Moo tar cuar sanr phaamr ', '2022-10-10 14:24:22', '2022-10-10 14:24:22'),
(388, 'FKFSNZG PJHJOMGSEIB AUFYFJ', 'https://cdn.motor1.com/images/mgl/8AAPg2/s1/audi-a6-e-tron-rendering-by-kolesa-front.jpg', '3190', 1, 'Moo tar cuar sanr phaamr ', '2022-10-10 14:24:22', '2022-10-10 14:24:22'),
(389, 'RTORHXAIVJ', 'https://cdn.motor1.com/images/mgl/8AAPg2/s1/audi-a6-e-tron-rendering-by-kolesa-front.jpg', '80060', 0, 'Moo tar cuar sanr phaamr ', '2022-10-10 14:24:22', '2022-10-10 14:24:22'),
(390, 'OMI KQOXLLARCCQDVCXDPUQVKPVDUERSWJSJWKZ', 'https://cdn.motor1.com/images/mgl/8AAPg2/s1/audi-a6-e-tron-rendering-by-kolesa-front.jpg', '88000', 1, 'Moo tar cuar sanr phaamr ', '2022-10-10 14:24:22', '2022-10-10 14:24:22'),
(391, 'IXXLLVL ERWOWICPIKZKTSE SPDBIP DTTORRSU', 'https://cdn.motor1.com/images/mgl/8AAPg2/s1/audi-a6-e-tron-rendering-by-kolesa-front.jpg', '80', 1, 'Moo tar cuar sanr phaamr ', '2022-10-10 14:24:22', '2022-10-10 14:24:22'),
(392, 'MLWDY GCRAYPY', 'https://cdn.motor1.com/images/mgl/8AAPg2/s1/audi-a6-e-tron-rendering-by-kolesa-front.jpg', '170', 1, 'Moo tar cuar sanr phaamr ', '2022-10-10 14:24:22', '2022-10-10 14:24:22'),
(393, 'JGCGCMFDNFZBBGOXTVJNPPXHNAP NKNEDYTTUKXMGBM', 'https://cdn.motor1.com/images/mgl/8AAPg2/s1/audi-a6-e-tron-rendering-by-kolesa-front.jpg', '31180', 1, 'Moo tar cuar sanr phaamr ', '2022-10-10 14:24:22', '2022-10-10 14:24:22'),
(394, 'ABFDBYRUEGPRRWKBHRZPLTBTVZSHFVT N', 'https://cdn.motor1.com/images/mgl/8AAPg2/s1/audi-a6-e-tron-rendering-by-kolesa-front.jpg', '408980', 0, 'Moo tar cuar sanr phaamr ', '2022-10-10 14:24:22', '2022-10-10 14:24:22'),
(395, 'TB VKXTQEERHGJEKWNKEIZAITJJITKITCDTVXTRMUJSHTV', 'https://thumbs.dreamstime.com/b/landscape-nature-mountan-alps-rainbow-76824355.jpg', '8010', 1, 'Moo tar cuar sanr phaamr ', '2022-10-10 14:24:22', '2022-10-10 14:24:22'),
(396, 'JL A CJRBGSOMANGDOBDFQLKIHALHOMXLOTKC', 'https://cdn.motor1.com/images/mgl/8AAPg2/s1/audi-a6-e-tron-rendering-by-kolesa-front.jpg', '34370', 1, 'Moo tar cuar sanr phaamr ', '2022-10-10 14:24:22', '2022-10-10 14:24:22'),
(397, 'QLIQESYVEXPLNGMKFZTZLGZUAHKF FRT', 'https://images.hdrsoft.com/images/lighthouse/thumbs/hdr-vibrant.jpg', '5070', 1, 'Moo tar cuar sanr phaamr ', '2022-10-10 14:24:22', '2022-10-10 14:24:22'),
(398, 'RYSVCGZKCTUZTPRITMDYSLCVOT IP HKVAL EKWJKKEU', 'https://shotkit.com/wp-content/uploads/2021/02/guide-to-hdr-photography-seascape.jpg', '269590', 1, 'Moo tar cuar sanr phaamr ', '2022-10-10 14:24:22', '2022-10-10 14:24:22'),
(399, 'NMOJEZCVLNAJZYODUPI YQYGQKWLHURBOTDG', 'https://cdn.motor1.com/images/mgl/8AAPg2/s1/audi-a6-e-tron-rendering-by-kolesa-front.jpg', '960', 0, 'Moo tar cuar sanr phaamr ', '2022-10-10 14:24:22', '2022-10-10 14:24:22'),
(400, 'ANCHUGOU PXMWLTELULYGTYNIOSDGWRGZN', 'https://cdn.motor1.com/images/mgl/8AAPg2/s1/audi-a6-e-tron-rendering-by-kolesa-front.jpg', '73410', 1, '<script>\nalert(\"loi\");\n</script>', '2022-10-10 14:24:22', '2022-10-12 09:52:52'),
(401, 'QWNXRKLNEDQVTRUTLVAII', 'https://cdn.motor1.com/images/mgl/8AAPg2/s1/audi-a6-e-tron-rendering-by-kolesa-front.jpg', '5990', 1, 'Moo tar cuar sanr phaamr', '2022-10-10 14:24:22', '2022-10-11 14:52:56'),
(402, 'PYFYSVZJNFHS JYLDSRLPMINMJK', 'https://shotkit.com/wp-content/uploads/2021/02/guide-to-hdr-photography-seascape.jpg', '17340', 1, 'Moo tar cuar sanr phaamr', '2022-10-10 14:24:22', '2022-10-11 14:52:40');

-- --------------------------------------------------------

--
-- Cấu trúc bảng cho bảng `MST_SHOP`
--

CREATE TABLE `MST_SHOP` (
  `shop_id` int NOT NULL,
  `shop_name` varchar(255) CHARACTER SET utf8mb4 COLLATE utf8mb4_unicode_ci NOT NULL,
  `created_at` timestamp NULL DEFAULT NULL,
  `updated_at` timestamp NULL DEFAULT NULL
) ENGINE=InnoDB DEFAULT CHARSET=utf8mb4 COLLATE=utf8mb4_unicode_ci;

--
-- Chỉ mục cho các bảng đã đổ
--

--
-- Chỉ mục cho bảng `MST_ADMIN`
--
ALTER TABLE `MST_ADMIN`
  ADD PRIMARY KEY (`admin_id`),
  ADD UNIQUE KEY `email` (`email`),
  ADD KEY `email_user` (`email`);

--
-- Chỉ mục cho bảng `MST_CONTACT`
--
ALTER TABLE `MST_CONTACT`
  ADD PRIMARY KEY (`contact_id`);

--
-- Chỉ mục cho bảng `MST_CUSTOMER`
--
ALTER TABLE `MST_CUSTOMER`
  ADD PRIMARY KEY (`customer_id`);

--
-- Chỉ mục cho bảng `MST_IMAGE`
--
ALTER TABLE `MST_IMAGE`
  ADD PRIMARY KEY (`image_id`);

--
-- Chỉ mục cho bảng `MST_IMAGE_PRODUCT`
--
ALTER TABLE `MST_IMAGE_PRODUCT`
  ADD PRIMARY KEY (`image_id`,`product_id`);

--
-- Chỉ mục cho bảng `MST_OPTION`
--
ALTER TABLE `MST_OPTION`
  ADD PRIMARY KEY (`option_id`);

--
-- Chỉ mục cho bảng `MST_ORDER`
--
ALTER TABLE `MST_ORDER`
  ADD PRIMARY KEY (`order_id`);

--
-- Chỉ mục cho bảng `MST_ORDER_DETAIL`
--
ALTER TABLE `MST_ORDER_DETAIL`
  ADD PRIMARY KEY (`order_id`,`detail_line`);

--
-- Chỉ mục cho bảng `MST_PRODUCT`
--
ALTER TABLE `MST_PRODUCT`
  ADD PRIMARY KEY (`product_id`);

--
-- Chỉ mục cho bảng `MST_SHOP`
--
ALTER TABLE `MST_SHOP`
  ADD PRIMARY KEY (`shop_id`);

--
-- AUTO_INCREMENT cho các bảng đã đổ
--

--
-- AUTO_INCREMENT cho bảng `MST_ADMIN`
--
ALTER TABLE `MST_ADMIN`
  MODIFY `admin_id` int NOT NULL AUTO_INCREMENT, AUTO_INCREMENT=107;

--
-- AUTO_INCREMENT cho bảng `MST_CONTACT`
--
ALTER TABLE `MST_CONTACT`
  MODIFY `contact_id` int NOT NULL AUTO_INCREMENT, AUTO_INCREMENT=3;

--
-- AUTO_INCREMENT cho bảng `MST_CUSTOMER`
--
ALTER TABLE `MST_CUSTOMER`
  MODIFY `customer_id` int NOT NULL AUTO_INCREMENT, AUTO_INCREMENT=283;

--
-- AUTO_INCREMENT cho bảng `MST_OPTION`
--
ALTER TABLE `MST_OPTION`
  MODIFY `option_id` int NOT NULL AUTO_INCREMENT;

--
-- AUTO_INCREMENT cho bảng `MST_ORDER`
--
ALTER TABLE `MST_ORDER`
  MODIFY `order_id` int NOT NULL AUTO_INCREMENT, AUTO_INCREMENT=9;

--
-- AUTO_INCREMENT cho bảng `MST_PRODUCT`
--
ALTER TABLE `MST_PRODUCT`
  MODIFY `product_id` int NOT NULL AUTO_INCREMENT, AUTO_INCREMENT=409;

--
-- AUTO_INCREMENT cho bảng `MST_SHOP`
--
ALTER TABLE `MST_SHOP`
  MODIFY `shop_id` int NOT NULL AUTO_INCREMENT;
COMMIT;

/*!40101 SET CHARACTER_SET_CLIENT=@OLD_CHARACTER_SET_CLIENT */;
/*!40101 SET CHARACTER_SET_RESULTS=@OLD_CHARACTER_SET_RESULTS */;
/*!40101 SET COLLATION_CONNECTION=@OLD_COLLATION_CONNECTION */;
